filename,label,type
1001_21.6.wav,1,train
1055_48.7.wav,1,val
3-103051-A-19.wav,0,test
4-165791-B-45.wav,0,train
1224_17.94.wav,1,train
1189_18.15.wav,1,test
1-155858-F-25.wav,0,train
4-128659-A-33.wav,0,train
4-166661-A-10.wav,0,train
4-125072-B-19.wav,0,test
284_42.37.wav,1,test
1133_28.28.wav,1,test
2-188822-B-40.wav,0,test
952_71.66.wav,1,val
345_18.41.wav,1,test
897_23.67.wav,1,val
2-262579-A-45.wav,0,val
919_10.12.wav,1,train
1-67152-A-17.wav,0,train
1266_51.58.wav,1,train
1-100038-A-14.wav,0,val
1-24524-B-19.wav,0,train
169_86.91.wav,1,test
978_80.08.wav,1,val
1179_19.14.wav,1,train
1290_42.26.wav,1,test
1064_138.4.wav,1,val
1-36393-A-23.wav,0,val
657_88.25.wav,1,val
529_40.13.wav,1,train
701_140.32.wav,1,test
797_29.19.wav,1,train
1286_16.22.wav,1,train
756_17.3.wav,1,train
451_0.08.wav,1,train
1197_237.4.wav,1,train
1171_28.67.wav,1,val
5-161270-B-33.wav,0,train
291_13.5.wav,1,train
2-138465-A-43.wav,0,train
4-149294-B-41.wav,0,train
463_180.52.wav,1,train
237_20.03.wav,1,test
4-199261-A-0.wav,0,train
1-121951-A-8.wav,0,val
374_20.04.wav,1,test
1233_64.46.wav,1,test
892_50.76.wav,1,train
735_203.57.wav,1,test
391_47.51.wav,1,val
4-193480-B-40.wav,0,val
1-54084-A-42.wav,0,test
486_29.81.wav,1,train
726_136.04.wav,1,test
379_14.32.wav,1,train
1200_300.03.wav,1,train
4-191246-B-7.wav,0,val
2-82367-A-10.wav,0,train
1001_78.63.wav,1,train
586_26.61.wav,1,test
643_70.05.wav,1,train
1-36402-A-23.wav,0,val
4-198962-B-25.wav,0,test
643_140.05.wav,1,test
1-208757-B-2.wav,0,test
5-177614-A-5.wav,0,train
580_78.45.wav,1,train
896_172.35.wav,1,train
310_35.08.wav,1,val
1212_355.25.wav,1,train
651_97.86.wav,1,val
886_10.13.wav,1,train
1492_24.0.wav,1,val
5-204352-B-13.wav,0,train
234_25.6.wav,1,test
254_43.65.wav,1,train
1320_119.13.wav,1,train
1355_498.5.wav,1,val
972_0.53.wav,1,train
1256_0.53.wav,1,test
231_3.15.wav,1,test
3-152039-B-3.wav,0,test
1215_165.24.wav,1,train
213_241.62.wav,1,train
525_49.35.wav,1,train
314_61.55.wav,1,train
755_0.09.wav,1,train
1-64398-B-41.wav,0,val
5-202795-A-3.wav,0,test
1-12654-B-15.wav,0,test
465_184.86.wav,1,val
5-242490-A-14.wav,0,test
609_70.04.wav,1,test
1260_66.02.wav,1,train
508_18.04.wav,1,test
1096_5.03.wav,1,test
4-165813-A-19.wav,0,train
3-142006-A-10.wav,0,train
5-170338-B-41.wav,0,train
1469_109.11.wav,1,test
924_0.28.wav,1,test
4-99644-B-4.wav,0,test
1133_18.28.wav,1,train
4-130891-A-7.wav,0,train
1325_22.88.wav,1,val
923_485.84.wav,1,val
4-208021-A-1.wav,0,val
3-193767-A-47.wav,0,train
4-167063-A-11.wav,0,train
1166_39.84.wav,1,train
2-157488-A-6.wav,0,train
1384_58.17.wav,1,test
769_94.62.wav,1,train
1287_100.24.wav,1,train
4-168446-A-45.wav,0,train
144_47.34.wav,1,train
1-51433-A-17.wav,0,val
370_257.63.wav,1,test
4-161127-A-10.wav,0,train
1-58277-A-3.wav,0,test
3-157187-A-12.wav,0,test
45_47.22.wav,1,train
3-157695-A-0.wav,0,train
1-39937-A-28.wav,0,val
353_103.93.wav,1,train
3-103597-A-25.wav,0,train
1335_60.02.wav,1,train
1059_19.36.wav,1,train
715_376.58.wav,1,train
137_170.14.wav,1,test
2-110614-B-8.wav,0,test
2-109371-C-16.wav,0,train
1157_15.2.wav,1,test
3-163727-A-3.wav,0,train
4-180453-A-17.wav,0,train
1-49409-B-8.wav,0,val
314_381.82.wav,1,train
2-122104-A-0.wav,0,train
4-164206-A-10.wav,0,test
820_435.46.wav,1,test
3-166324-A-15.wav,0,test
5-214759-B-5.wav,0,test
1454_50.05.wav,1,test
414_22.51.wav,1,train
2-109371-B-16.wav,0,train
523_47.35.wav,1,train
1502_16.54.wav,1,val
4-181955-C-3.wav,0,train
2-73027-A-10.wav,0,train
4-175855-A-43.wav,0,train
1015_110.12.wav,1,val
940_76.04.wav,1,train
1410_650.85.wav,1,test
263_70.08.wav,1,train
367_141.58.wav,1,test
1-105224-A-22.wav,0,test
1566_275.73.wav,1,train
3-164216-A-6.wav,0,train
783_94.47.wav,1,train
1-49409-A-8.wav,0,val
255_10.04.wav,1,train
5-232816-A-23.wav,0,train
3-249913-A-25.wav,0,val
5-186924-A-12.wav,0,test
972_20.53.wav,1,test
1038_345.05.wav,1,train
1545_36.6.wav,1,train
1039_81.95.wav,1,test
3-152039-A-3.wav,0,val
2-82274-A-5.wav,0,train
360_174.39.wav,1,val
1151_36.4.wav,1,train
1211_140.47.wav,1,test
4-189832-B-22.wav,0,test
1287_0.24.wav,1,train
1538_10.72.wav,1,val
1557_43.34.wav,1,test
5-204352-A-13.wav,0,test
61_35.65.wav,1,train
175_31.55.wav,1,val
2-108760-B-14.wav,0,test
2-30322-A-12.wav,0,train
2-125520-A-43.wav,0,test
4-161519-A-19.wav,0,test
1313_1081.51.wav,1,train
5-251962-A-47.wav,0,test
3-146972-A-5.wav,0,test
1-51805-G-33.wav,0,train
3-155130-A-43.wav,0,train
1536_510.21.wav,1,train
1-75162-A-9.wav,0,train
5-156026-A-4.wav,0,test
507_25.38.wav,1,test
5-133989-A-42.wav,0,train
4-197103-A-6.wav,0,train
400_10.75.wav,1,val
1415_83.04.wav,1,test
2-85139-A-13.wav,0,train
4-210000-A-23.wav,0,train
523_37.35.wav,1,train
749_116.58.wav,1,test
1436_24.18.wav,1,val
336_60.04.wav,1,val
1302_36.35.wav,1,train
202_44.46.wav,1,train
298_20.08.wav,1,train
806_10.42.wav,1,train
379_64.66.wav,1,val
570_25.37.wav,1,train
303_3.32.wav,1,val
5-222524-A-41.wav,0,val
1438_40.25.wav,1,val
3-170015-A-0.wav,0,test
2-78799-A-47.wav,0,test
5-251971-A-47.wav,0,val
5-195710-A-10.wav,0,test
933_83.16.wav,1,train
952_208.8.wav,1,val
706_125.06.wav,1,train
122_5.2.wav,1,train
1228_143.91.wav,1,val
4-132383-A-2.wav,0,train
1-100032-A-0.wav,0,val
3-164593-A-15.wav,0,train
5-203128-A-0.wav,0,test
1-56380-A-5.wav,0,train
5-191497-A-33.wav,0,val
5-254832-A-15.wav,0,train
1-73585-A-7.wav,0,val
4-165933-A-45.wav,0,test
3-155642-A-11.wav,0,test
3-103401-A-33.wav,0,test
313_96.06.wav,1,val
5-61635-A-8.wav,0,val
1-43382-A-1.wav,0,train
3-144128-A-23.wav,0,train
5-194930-A-1.wav,0,test
4-161303-B-5.wav,0,val
611_60.39.wav,1,val
498_41.23.wav,1,test
446_88.23.wav,1,train
2-182508-B-8.wav,0,train
3-145577-A-43.wav,0,train
1265_760.92.wav,1,val
371_70.04.wav,1,train
1006_2.77.wav,1,train
1584_95.41.wav,1,val
4-213915-A-3.wav,0,test
416_88.5.wav,1,test
796_140.01.wav,1,val
5-184323-A-42.wav,0,val
899_124.28.wav,1,val
344_125.17.wav,1,val
2-50668-A-41.wav,0,train
1542_40.04.wav,1,train
1-51805-C-33.wav,0,test
374_40.04.wav,1,val
5-160551-A-42.wav,0,train
2-70052-A-42.wav,0,train
647_110.08.wav,1,train
1-34094-A-5.wav,0,val
4-157611-A-41.wav,0,train
2-96033-A-13.wav,0,val
1-23094-B-15.wav,0,train
3-142005-A-10.wav,0,test
678_30.03.wav,1,val
421_54.25.wav,1,train
704_12.47.wav,1,val
1465_10.94.wav,1,train
2-83270-A-13.wav,0,test
144_67.34.wav,1,train
537_13.2.wav,1,test
4-198025-A-23.wav,0,train
343_21.33.wav,1,train
252_2.99.wav,1,test
346_85.23.wav,1,test
1212_68.5.wav,1,val
1-23094-A-15.wav,0,val
1321_20.58.wav,1,train
5-212454-A-0.wav,0,train
1441_0.14.wav,1,test
4-165606-A-45.wav,0,train
3-110913-C-7.wav,0,test
3-144128-B-23.wav,0,val
2-128465-B-43.wav,0,train
1306_369.77.wav,1,train
937_274.51.wav,1,train
4-164661-B-12.wav,0,train
5-103418-A-2.wav,0,test
574_73.1.wav,1,train
258_250.08.wav,1,test
3-102908-A-4.wav,0,train
4-164064-B-1.wav,0,train
281_768.14.wav,1,train
910_50.33.wav,1,train
144_37.34.wav,1,val
916_387.53.wav,1,train
4-136381-A-9.wav,0,train
1285_386.88.wav,1,train
854_20.65.wav,1,val
3-112557-B-23.wav,0,test
456_249.81.wav,1,train
626_123.61.wav,1,val
1318_207.37.wav,1,val
923_465.84.wav,1,train
2-120587-A-6.wav,0,test
541_155.98.wav,1,test
579_147.92.wav,1,val
272_47.42.wav,1,test
1-18631-A-23.wav,0,val
1-51037-A-16.wav,0,train
123_157.53.wav,1,train
5-217186-A-16.wav,0,test
4-181286-A-10.wav,0,val
443_259.41.wav,1,train
828_40.29.wav,1,train
1484_354.77.wav,1,test
1034_115.48.wav,1,test
1347_239.86.wav,1,test
877_49.07.wav,1,train
1363_250.81.wav,1,train
871_40.54.wav,1,train
3-126358-A-3.wav,0,test
43_20.24.wav,1,train
2-104952-B-16.wav,0,test
497_114.35.wav,1,train
1570_19.62.wav,1,test
3-51909-A-42.wav,0,train
5-222041-A-9.wav,0,test
65_97.98.wav,1,val
3-174840-A-43.wav,0,test
1363_242.77.wav,1,test
443_199.56.wav,1,test
4-196672-A-8.wav,0,train
892_66.42.wav,1,train
1440_180.93.wav,1,train
992_3.41.wav,1,train
665_95.11.wav,1,test
201_30.65.wav,1,train
309_0.78.wav,1,val
826_28.77.wav,1,test
759_118.39.wav,1,test
4-108352-A-33.wav,0,test
2-109231-C-9.wav,0,val
5-203128-B-0.wav,0,train
2-106015-A-44.wav,0,test
3-180977-A-0.wav,0,train
3-246513-B-16.wav,0,train
1357_141.61.wav,1,train
1-9841-A-13.wav,0,val
2-109231-A-9.wav,0,test
1292_50.04.wav,1,train
5-103422-A-2.wav,0,test
796_10.11.wav,1,train
926_215.03.wav,1,val
1-80785-A-7.wav,0,val
3-94342-A-25.wav,0,test
1-72229-A-6.wav,0,train
1586_0.05.wav,1,train
1-26222-A-10.wav,0,test
317_76.27.wav,1,val
5-217186-B-16.wav,0,train
633_30.08.wav,1,train
1545_46.6.wav,1,test
3-130998-A-28.wav,0,train
1548_47.76.wav,1,test
4-183992-A-0.wav,0,train
1-47709-A-16.wav,0,test
828_29.09.wav,1,test
384_80.45.wav,1,test
601_21.71.wav,1,train
1498_1106.85.wav,1,test
3-104958-A-12.wav,0,test
1-31836-A-4.wav,0,train
4-165791-A-45.wav,0,train
135_205.51.wav,1,train
2-83934-A-5.wav,0,train
3-188390-A-6.wav,0,train
5-216213-A-13.wav,0,test
1-24076-A-43.wav,0,val
302_187.18.wav,1,test
821_40.05.wav,1,train
5-198891-C-8.wav,0,test
211_64.62.wav,1,test
3-103401-B-33.wav,0,train
2-132157-A-11.wav,0,train
5-213836-A-9.wav,0,test
554_12.85.wav,1,train
435_37.1.wav,1,test
884_26.0.wav,1,test
1-76831-E-42.wav,0,val
287_97.3.wav,1,val
5-171653-A-41.wav,0,test
4-181955-A-3.wav,0,train
21_105.65.wav,1,train
562_231.41.wav,1,train
447_10.16.wav,1,test
3-144827-B-11.wav,0,test
712_63.97.wav,1,val
1209_19.18.wav,1,train
3-253084-D-2.wav,0,test
1500_62.26.wav,1,train
46_0.07.wav,1,test
2-70052-B-42.wav,0,train
3-146033-A-13.wav,0,train
3-155578-A-14.wav,0,test
1033_22.08.wav,1,val
793_20.51.wav,1,train
4-181362-A-13.wav,0,test
1-115920-B-22.wav,0,train
2-95567-A-23.wav,0,train
5-198600-A-45.wav,0,test
1516_18.25.wav,1,train
1237_208.66.wav,1,val
652_85.12.wav,1,test
2-52001-A-28.wav,0,test
4-133047-A-5.wav,0,train
4-160036-A-33.wav,0,train
4-120160-A-5.wav,0,train
1556_40.78.wav,1,train
1256_10.53.wav,1,val
601_54.8.wav,1,val
479_0.07.wav,1,test
913_275.74.wav,1,train
5-235956-A-47.wav,0,train
532_1.04.wav,1,train
219_11.17.wav,1,train
934_46.48.wav,1,val
2-102414-C-17.wav,0,train
970_33.25.wav,1,train
1-17808-B-12.wav,0,val
969_89.9.wav,1,val
304_172.35.wav,1,train
225_89.02.wav,1,val
4-189832-A-22.wav,0,train
1-77241-A-3.wav,0,train
1144_80.07.wav,1,test
5-263491-A-25.wav,0,test
695_35.45.wav,1,train
3-144827-A-11.wav,0,train
2-50667-B-41.wav,0,test
190_7.23.wav,1,val
0_156.31.wav,1,test
444_97.46.wav,1,val
2-54962-A-23.wav,0,train
3-138114-A-22.wav,0,test
1-64473-A-45.wav,0,val
5-187444-A-33.wav,0,test
172_25.15.wav,1,test
385_33.51.wav,1,val
5-197118-A-45.wav,0,test
710_29.49.wav,1,train
4-182839-A-17.wav,0,train
1175_28.24.wav,1,train
1245_420.32.wav,1,train
469_76.35.wav,1,train
1522_13.21.wav,1,train
2-64962-A-15.wav,0,train
1236_143.51.wav,1,train
366_35.75.wav,1,val
1-88409-A-45.wav,0,train
1373_50.55.wav,1,train
134_64.07.wav,1,test
4-218304-B-25.wav,0,val
1081_23.03.wav,1,test
928_10.76.wav,1,train
3-154758-A-44.wav,0,test
1328_10.11.wav,1,train
1-69422-A-3.wav,0,val
2-114280-A-0.wav,0,val
3-197435-B-22.wav,0,train
1448_101.64.wav,1,test
127_80.04.wav,1,test
1274_85.76.wav,1,train
3-144891-A-19.wav,0,test
710_9.49.wav,1,train
1548_27.76.wav,1,train
3-177082-A-22.wav,0,train
4-182368-A-12.wav,0,train
5-213077-A-11.wav,0,test
5-220955-A-40.wav,0,val
564_16.12.wav,1,val
4-165845-A-45.wav,0,test
1341_202.14.wav,1,train
973_346.86.wav,1,val
675_42.78.wav,1,train
1109_68.64.wav,1,train
1-208757-A-2.wav,0,val
3-164120-A-11.wav,0,val
776_40.23.wav,1,train
1-88409-B-45.wav,0,val
1-254507-A-43.wav,0,val
937_9.54.wav,1,val
3-71964-B-4.wav,0,test
398_28.56.wav,1,test
5-217158-A-0.wav,0,test
1395_506.99.wav,1,val
880_184.08.wav,1,test
4-191015-A-43.wav,0,val
308_22.87.wav,1,val
4-182314-B-7.wav,0,test
2-166644-A-2.wav,0,train
246_172.35.wav,1,test
5-181458-A-33.wav,0,test
156_42.81.wav,1,test
1043_67.56.wav,1,train
622_503.81.wav,1,train
3-153057-A-43.wav,0,test
3-147965-A-12.wav,0,val
3-20861-A-8.wav,0,train
1-38559-A-14.wav,0,val
1175_56.38.wav,1,train
874_95.91.wav,1,test
896_162.35.wav,1,train
3-141559-A-45.wav,0,val
1-47819-B-5.wav,0,val
339_21.84.wav,1,train
50_143.09.wav,1,test
1-62509-A-45.wav,0,val
5-208810-A-11.wav,0,test
5-157204-B-16.wav,0,test
1-50060-A-10.wav,0,val
2-37870-A-2.wav,0,val
5-198278-C-7.wav,0,train
487_60.24.wav,1,val
959_90.08.wav,1,test
1500_0.18.wav,1,val
5-213855-A-0.wav,0,test
2-108767-A-9.wav,0,train
1327_5.03.wav,1,train
593_80.04.wav,1,train
1-77160-A-3.wav,0,train
811_8.65.wav,1,val
5-262957-A-22.wav,0,val
1063_44.64.wav,1,train
2-122066-B-45.wav,0,test
1-137296-A-16.wav,0,val
4-175856-A-43.wav,0,test
3-103051-B-19.wav,0,test
835_117.21.wav,1,val
3-117504-B-16.wav,0,test
2-110011-A-5.wav,0,test
1-94036-A-22.wav,0,val
3-118657-B-41.wav,0,test
5-213802-A-12.wav,0,test
1111_70.61.wav,1,test
4-174860-A-3.wav,0,train
1147_182.92.wav,1,train
2-43802-A-42.wav,0,val
3-108451-A-17.wav,0,train
2-96654-A-47.wav,0,train
5-180156-B-43.wav,0,train
1332_81.27.wav,1,val
3-163288-A-1.wav,0,train
5-219379-C-11.wav,0,val
1535_7.4.wav,1,train
887_272.32.wav,1,val
1374_49.46.wav,1,val
69_146.48.wav,1,test
700_7.76.wav,1,train
676_10.05.wav,1,train
867_10.08.wav,1,val
559_10.07.wav,1,val
766_107.85.wav,1,test
4-182314-A-7.wav,0,train
534_74.64.wav,1,test
1586_10.05.wav,1,val
1-16746-A-15.wav,0,val
4-193480-A-40.wav,0,train
177_27.45.wav,1,val
3-83527-A-4.wav,0,train
3-127890-C-9.wav,0,test
2-102414-A-17.wav,0,val
5-189237-A-12.wav,0,test
1-91359-A-11.wav,0,train
380_159.33.wav,1,test
377_35.93.wav,1,test
211_125.11.wav,1,train
2-32515-C-4.wav,0,train
2-80844-A-13.wav,0,train
1566_110.03.wav,1,train
1001_61.6.wav,1,train
3-187549-B-6.wav,0,test
388_21.15.wav,1,test
3_82.67.wav,1,val
2-39945-C-19.wav,0,val
1-47819-C-5.wav,0,val
655_302.04.wav,1,test
2-43806-A-42.wav,0,test
1-80841-A-13.wav,0,train
987_29.47.wav,1,train
1496_52.71.wav,1,train
1-196660-A-8.wav,0,test
2-114587-A-0.wav,0,test
1016_358.45.wav,1,train
300_108.68.wav,1,val
902_0.23.wav,1,val
1039_91.95.wav,1,train
4-171652-A-44.wav,0,train
4-204618-A-11.wav,0,val
202_71.54.wav,1,test
1-29532-A-16.wav,0,test
243_541.12.wav,1,train
4-178881-A-45.wav,0,val
354_35.14.wav,1,test
2-117271-A-0.wav,0,train
5-215634-A-17.wav,0,val
512_64.75.wav,1,val
0_44.97.wav,1,val
4-167063-C-11.wav,0,train
538_289.11.wav,1,train
3-150979-B-40.wav,0,test
2-70366-A-33.wav,0,train
2-158746-A-2.wav,0,val
4-182613-A-11.wav,0,test
2-28314-B-12.wav,0,train
5-243449-A-14.wav,0,train
916_448.49.wav,1,train
2-96460-A-1.wav,0,val
482_59.55.wav,1,val
4-164064-C-1.wav,0,test
2-188822-C-40.wav,0,train
1028_142.66.wav,1,train
2-108767-C-9.wav,0,train
3-149448-A-17.wav,0,test
486_17.4.wav,1,test
172_34.79.wav,1,train
5-231762-A-0.wav,0,train
356_55.34.wav,1,train
4-232495-A-6.wav,0,train
384_60.45.wav,1,train
1011_20.06.wav,1,test
4-165823-A-41.wav,0,train
833_555.26.wav,1,test
3-103050-A-19.wav,0,train
395_95.13.wav,1,train
1186_50.07.wav,1,train
677_177.18.wav,1,train
2-101676-A-10.wav,0,val
5-212736-A-17.wav,0,test
4-188703-C-8.wav,0,train
1540_268.58.wav,1,train
49_10.19.wav,1,test
948_63.84.wav,1,train
1103_144.66.wav,1,train
3-164216-B-6.wav,0,test
4-138344-A-9.wav,0,train
390_66.68.wav,1,test
1203_1030.83.wav,1,train
490_273.98.wav,1,train
513_213.54.wav,1,val
1200_330.03.wav,1,test
2-158746-D-2.wav,0,train
1585_175.3.wav,1,test
1421_32.04.wav,1,train
3_202.84.wav,1,train
5-188655-A-10.wav,0,train
897_251.0.wav,1,train
1487_124.68.wav,1,train
330_25.17.wav,1,train
1215_125.24.wav,1,train
1553_60.08.wav,1,train
205_0.04.wav,1,train
1092_253.38.wav,1,val
2-209476-A-25.wav,0,test
4-213915-B-3.wav,0,train
5-254160-A-22.wav,0,train
516_30.17.wav,1,train
1-155858-C-25.wav,0,test
1233_102.74.wav,1,train
667_42.56.wav,1,test
44_30.05.wav,1,val
1-223162-A-25.wav,0,train
1374_59.63.wav,1,train
1-115921-A-22.wav,0,train
2-209472-A-25.wav,0,test
1-18074-B-6.wav,0,test
1-11687-A-47.wav,0,val
784_48.21.wav,1,train
270_16.13.wav,1,test
139_123.13.wav,1,train
273_216.19.wav,1,train
4-147240-A-2.wav,0,train
4-196671-A-8.wav,0,train
1-18074-A-6.wav,0,val
1541_11.78.wav,1,train
878_66.6.wav,1,val
1-17742-A-12.wav,0,test
585_10.03.wav,1,test
4-176914-A-23.wav,0,train
675_22.78.wav,1,train
908_89.9.wav,1,val
5-117122-A-42.wav,0,test
262_31.61.wav,1,test
5-170338-A-41.wav,0,test
1-208757-D-2.wav,0,val
1-50455-A-44.wav,0,val
185_40.04.wav,1,val
1491_58.85.wav,1,train
81_51.29.wav,1,val
478_71.69.wav,1,train
1-202111-A-3.wav,0,test
29_20.78.wav,1,train
121_201.55.wav,1,test
5-221950-A-22.wav,0,test
2-98392-A-23.wav,0,val
319_12.98.wav,1,train
1492_4.0.wav,1,test
765_20.38.wav,1,test
3-150979-A-40.wav,0,train
5-212730-A-17.wav,0,train
477_48.49.wav,1,test
4-107120-A-33.wav,0,train
1110_143.87.wav,1,test
288_20.07.wav,1,val
4-165845-B-45.wav,0,train
4-189828-A-22.wav,0,train
4-147240-B-2.wav,0,test
5-192191-A-19.wav,0,train
1451_94.02.wav,1,val
4-125929-A-40.wav,0,train
4-234879-A-6.wav,0,test
1064_98.4.wav,1,train
2-91912-B-33.wav,0,val
593_50.04.wav,1,train
293_22.84.wav,1,train
277_380.86.wav,1,val
592_111.32.wav,1,test
1-18755-A-4.wav,0,val
281_1151.98.wav,1,train
3-134049-A-1.wav,0,test
1286_38.25.wav,1,test
1-81269-A-3.wav,0,val
2-76408-B-22.wav,0,test
5-263490-A-25.wav,0,test
5-243025-A-25.wav,0,test
210_159.59.wav,1,train
5-261464-A-23.wav,0,val
1280_63.46.wav,1,train
68_263.16.wav,1,test
2-42101-A-43.wav,0,train
354_25.14.wav,1,train
522_680.37.wav,1,test
178_28.05.wav,1,val
1-76831-D-42.wav,0,train
1487_335.07.wav,1,test
5-213836-B-9.wav,0,train
1323_20.07.wav,1,train
2-98866-A-47.wav,0,val
2-124662-A-11.wav,0,test
2-103427-A-3.wav,0,train
5-263831-A-6.wav,0,train
269_241.04.wav,1,val
1063_98.89.wav,1,test
1070_5.21.wav,1,test
781_378.76.wav,1,val
739_33.05.wav,1,train
1115_103.38.wav,1,train
1072_34.04.wav,1,train
513_301.57.wav,1,val
767_151.92.wav,1,train
2-158746-B-2.wav,0,test
446_75.26.wav,1,test
1254_63.24.wav,1,test
1-96950-B-9.wav,0,val
246_132.35.wav,1,val
4-107122-A-33.wav,0,train
4-170078-A-1.wav,0,test
169_81.0.wav,1,test
3-104761-B-7.wav,0,test
269_321.42.wav,1,train
597_263.75.wav,1,train
855_8.75.wav,1,train
1-76831-A-42.wav,0,val
2-120586-A-6.wav,0,val
1313_995.48.wav,1,train
2-103428-A-3.wav,0,train
867_20.08.wav,1,train
4-192236-A-0.wav,0,train
2-104952-A-16.wav,0,val
1217_40.08.wav,1,train
1081_33.03.wav,1,train
2-110010-A-5.wav,0,val
5-161270-A-33.wav,0,test
528_470.28.wav,1,val
1236_20.09.wav,1,val
1089_148.7.wav,1,val
2-68595-B-15.wav,0,val
2-188822-D-40.wav,0,train
914_52.32.wav,1,test
128_2765.43.wav,1,train
3-110913-A-7.wav,0,val
3-154439-A-17.wav,0,test
292_194.49.wav,1,train
5-219379-A-11.wav,0,test
732_186.88.wav,1,test
4-182369-A-12.wav,0,val
5-189212-A-12.wav,0,train
903_56.73.wav,1,test
2-82274-B-5.wav,0,test
3-110913-D-7.wav,0,train
973_16.86.wav,1,test
488_13.19.wav,1,test
898_21.56.wav,1,train
4-195451-A-44.wav,0,train
5-242711-A-9.wav,0,train
1120_33.57.wav,1,val
2-99955-C-7.wav,0,val
5-117250-A-2.wav,0,train
1027_95.01.wav,1,train
871_0.54.wav,1,test
3-124925-A-9.wav,0,train
812_107.27.wav,1,test
846_36.71.wav,1,val
592_51.33.wav,1,train
1062_90.06.wav,1,val
5-215172-A-13.wav,0,train
5-198278-A-7.wav,0,test
4-191297-A-28.wav,0,test
2-84965-A-23.wav,0,test
4-180337-A-28.wav,0,train
2-72970-A-10.wav,0,train
3-129338-A-13.wav,0,train
2-37806-D-40.wav,0,val
1-64398-A-41.wav,0,train
2-110417-B-28.wav,0,test
478_88.62.wav,1,train
5-260164-A-23.wav,0,train
2-106014-A-44.wav,0,val
919_80.12.wav,1,test
1-56380-B-5.wav,0,train
924_68.69.wav,1,train
778_40.78.wav,1,val
2-95258-B-1.wav,0,train
2-107228-B-44.wav,0,train
388_0.06.wav,1,val
4-169127-B-41.wav,0,val
2-117625-A-10.wav,0,test
267_32.26.wav,1,train
319_22.98.wav,1,train
1-172649-C-40.wav,0,test
1000_14.06.wav,1,train
975_0.52.wav,1,train
3-117293-A-9.wav,0,test
688_0.55.wav,1,test
1590_25.72.wav,1,test
235_50.03.wav,1,test
3-115387-C-47.wav,0,test
1126_31.53.wav,1,train
2-25292-A-22.wav,0,val
921_287.18.wav,1,test
4-161103-A-47.wav,0,test
2-102414-G-17.wav,0,train
5-215658-A-12.wav,0,train
4-196671-B-8.wav,0,test
1-57316-A-13.wav,0,val
979_44.45.wav,1,test
668_100.72.wav,1,val
223_30.08.wav,1,test
5-256452-A-5.wav,0,train
4-183882-A-28.wav,0,train
957_34.75.wav,1,test
588_83.47.wav,1,val
1521_21.42.wav,1,train
1-15689-A-4.wav,0,val
1465_40.94.wav,1,test
174_262.18.wav,1,test
25_35.26.wav,1,val
1-34094-B-5.wav,0,test
621_10.65.wav,1,train
639_67.86.wav,1,val
1-118559-A-17.wav,0,val
811_163.78.wav,1,val
2-76408-C-22.wav,0,train
247_102.93.wav,1,test
5-243448-A-14.wav,0,test
3-118972-A-41.wav,0,test
5-234263-A-25.wav,0,test
1-53444-A-28.wav,0,val
1-27724-A-1.wav,0,test
1103_77.55.wav,1,train
1436_127.05.wav,1,train
5-117773-A-16.wav,0,test
488_23.19.wav,1,train
1-30344-A-0.wav,0,val
61_63.74.wav,1,train
5-209992-B-44.wav,0,train
1-54065-B-45.wav,0,test
1047_63.88.wav,1,train
4-186962-A-44.wav,0,test
534_43.53.wav,1,train
293_0.1.wav,1,train
1-104089-A-22.wav,0,val
982_324.22.wav,1,val
296_117.83.wav,1,val
792_2.06.wav,1,train
5-156999-E-19.wav,0,test
2-72268-A-6.wav,0,test
1590_36.91.wav,1,train
2-102414-F-17.wav,0,test
908_20.41.wav,1,test
650_51.68.wav,1,test
2-60900-A-22.wav,0,train
735_128.04.wav,1,train
329_314.4.wav,1,test
581_0.5.wav,1,test
5-210540-A-13.wav,0,test
689_20.59.wav,1,train
254_55.16.wav,1,test
467_124.87.wav,1,train
398_142.37.wav,1,train
793_70.51.wav,1,train
1474_12.97.wav,1,train
900_0.09.wav,1,test
1395_30.21.wav,1,test
1152_119.31.wav,1,val
1077_151.44.wav,1,val
1346_2.62.wav,1,test
577_89.41.wav,1,test
326_200.48.wav,1,train
3-197435-A-22.wav,0,test
1-44831-A-1.wav,0,val
2-166644-B-2.wav,0,test
706_53.34.wav,1,test
4-125071-A-19.wav,0,train
2-100648-A-43.wav,0,val
913_216.3.wav,1,train
1504_50.68.wav,1,train
967_72.78.wav,1,test
3-103598-A-25.wav,0,test
4-188703-B-8.wav,0,train
1437_31.8.wav,1,test
683_55.04.wav,1,train
5-199284-A-45.wav,0,train
1567_319.62.wav,1,train
3-145719-A-17.wav,0,val
447_20.16.wav,1,train
3-58772-A-42.wav,0,test
5-180156-C-43.wav,0,val
2-106486-A-44.wav,0,train
3-95695-A-5.wav,0,val
1450_83.81.wav,1,train
131_81.48.wav,1,val
1-51805-E-33.wav,0,val
3-162786-A-13.wav,0,test
2-102414-B-17.wav,0,test
2-122067-A-45.wav,0,train
203_7.29.wav,1,val
134_74.07.wav,1,test
1-28135-A-11.wav,0,val
1115_53.38.wav,1,train
1265_471.36.wav,1,test
3-124958-A-28.wav,0,test
450_50.1.wav,1,train
68_273.16.wav,1,train
887_242.32.wav,1,test
3-143560-A-47.wav,0,test
398_52.14.wav,1,train
385_51.35.wav,1,train
172_65.21.wav,1,train
380_256.05.wav,1,train
5-234335-A-23.wav,0,train
1317_126.92.wav,1,train
3-129678-A-13.wav,0,test
1-31251-A-6.wav,0,test
472_111.08.wav,1,val
2-61311-A-12.wav,0,train
5-233260-A-23.wav,0,test
804_22.27.wav,1,test
1176_175.48.wav,1,train
1-40967-A-28.wav,0,train
1-62565-A-44.wav,0,val
3-128160-A-44.wav,0,test
1-65483-A-13.wav,0,val
490_354.57.wav,1,val
1541_51.78.wav,1,val
306_32.47.wav,1,train
694_280.47.wav,1,test
1361_275.22.wav,1,val
3-123086-A-28.wav,0,train
1437_21.8.wav,1,test
3-105235-A-7.wav,0,test
4-191246-A-7.wav,0,train
639_27.86.wav,1,train
5-205898-A-40.wav,0,train
2-99955-A-7.wav,0,test
159_308.38.wav,1,train
1032_51.15.wav,1,test
2-7321-A-33.wav,0,train
89_20.03.wav,1,val
3-164592-A-15.wav,0,test
18_28.5.wav,1,train
571_21.86.wav,1,test
411_40.77.wav,1,val
741_173.34.wav,1,test
5-189795-A-4.wav,0,train
665_66.29.wav,1,train
291_33.5.wav,1,train
1409_169.3.wav,1,train
1313_378.19.wav,1,test
765_0.38.wav,1,train
5-133989-B-42.wav,0,test
659_107.87.wav,1,test
3-135650-A-45.wav,0,train
368_40.46.wav,1,train
4-189836-A-22.wav,0,test
452_168.06.wav,1,val
1197_249.78.wav,1,train
1583_77.27.wav,1,train
99_276.11.wav,1,test
4-207124-A-0.wav,0,val
745_20.08.wav,1,test
1312_93.8.wav,1,test
275_74.26.wav,1,train
4-186936-A-44.wav,0,train
302_175.73.wav,1,val
1251_23.66.wav,1,val
1047_81.24.wav,1,val
4-117630-A-25.wav,0,train
458_10.12.wav,1,train
795_21.07.wav,1,train
2-30322-B-12.wav,0,test
1-24796-A-47.wav,0,test
1463_88.29.wav,1,train
5-209992-A-44.wav,0,test
438_109.86.wav,1,train
4-159609-B-14.wav,0,train
949_74.21.wav,1,test
607_175.33.wav,1,test
2-114609-B-28.wav,0,train
3-118194-A-33.wav,0,test
4-176638-A-43.wav,0,test
1238_49.32.wav,1,train
129_430.22.wav,1,train
643_50.05.wav,1,val
267_2.26.wav,1,test
1030_13.51.wav,1,train
5-197446-A-7.wav,0,train
5-218494-A-22.wav,0,train
5-172299-A-5.wav,0,train
1-51035-A-16.wav,0,val
795_117.63.wav,1,train
962_30.59.wav,1,train
2-110613-A-13.wav,0,test
1451_44.02.wav,1,val
4-165813-B-19.wav,0,val
939_30.08.wav,1,train
1-20545-A-28.wav,0,val
5-200334-A-1.wav,0,test
808_219.13.wav,1,train
707_118.57.wav,1,train
4-194754-A-0.wav,0,test
5-241846-A-15.wav,0,test
3-253084-C-2.wav,0,val
3-95695-B-5.wav,0,test
1306_359.98.wav,1,train
2-114609-A-28.wav,0,train
5-187201-B-4.wav,0,test
199_59.68.wav,1,val
498_31.23.wav,1,train
678_20.03.wav,1,val
571_31.86.wav,1,val
3-115387-B-47.wav,0,test
5-194899-A-3.wav,0,test
4-187504-A-17.wav,0,train
1410_693.05.wav,1,test
1224_7.94.wav,1,test
541_106.12.wav,1,train
2-39443-B-19.wav,0,train
1271_443.9.wav,1,train
4-194979-A-25.wav,0,train
716_0.65.wav,1,train
134_84.07.wav,1,val
1247_425.05.wav,1,val
3-164594-A-15.wav,0,val
300_67.65.wav,1,test
11_20.06.wav,1,test
1327_27.41.wav,1,val
3-70962-B-4.wav,0,test
4-207116-A-23.wav,0,test
1140_26.07.wav,1,train
1-155858-E-25.wav,0,val
435_0.06.wav,1,test
926_83.62.wav,1,train
2-39443-A-19.wav,0,train
5-213836-D-9.wav,0,train
5-195517-A-7.wav,0,train
1-56234-A-9.wav,0,val
1-88574-A-8.wav,0,val
370_211.89.wav,1,test
3-161010-A-43.wav,0,test
1133_8.28.wav,1,train
204_40.09.wav,1,test
5-200334-B-1.wav,0,train
1151_100.49.wav,1,train
3-160119-A-15.wav,0,test
1-104089-B-22.wav,0,test
1071_15.54.wav,1,test
392_16.93.wav,1,test
1105_89.9.wav,1,train
361_159.6.wav,1,train
1473_10.14.wav,1,train
389_657.42.wav,1,train
5-213836-C-9.wav,0,test
1452_10.08.wav,1,train
2-102414-D-17.wav,0,train
507_45.38.wav,1,train
1-116765-A-41.wav,0,val
491_50.12.wav,1,test
1308_199.36.wav,1,train
4-161303-A-5.wav,0,train
512_33.36.wav,1,train
60_0.56.wav,1,test
4-160999-A-10.wav,0,train
3-143562-A-47.wav,0,test
4-195805-A-13.wav,0,train
2-108761-A-14.wav,0,train
11_70.06.wav,1,train
4-99644-A-4.wav,0,train
810_226.48.wav,1,train
2-65747-A-12.wav,0,val
3-116135-A-1.wav,0,test
1385_76.21.wav,1,test
863_130.3.wav,1,test
4-163697-A-13.wav,0,train
852_110.06.wav,1,train
1-34497-A-14.wav,0,test
4-186938-A-44.wav,0,test
1-172649-D-40.wav,0,val
1-43807-B-47.wav,0,val
783_104.47.wav,1,val
4-161105-B-47.wav,0,test
1028_105.41.wav,1,train
1013_48.59.wav,1,test
5-236288-A-28.wav,0,test
3-120644-A-12.wav,0,test
494_52.18.wav,1,test
204_50.09.wav,1,train
5-172639-A-5.wav,0,test
1337_64.27.wav,1,val
4-99193-A-4.wav,0,train
1-17970-A-4.wav,0,test
1-69641-A-3.wav,0,val
808_53.97.wav,1,val
559_60.07.wav,1,val
4-188293-A-15.wav,0,train
1557_33.34.wav,1,val
1583_100.37.wav,1,train
2-52085-B-4.wav,0,train
3-157492-A-45.wav,0,test
915_433.24.wav,1,val
1083_20.07.wav,1,train
477_38.49.wav,1,train
1-21189-A-10.wav,0,test
3-177083-A-22.wav,0,val
709_118.2.wav,1,train
532_11.04.wav,1,test
1-50623-A-15.wav,0,train
128_442.41.wav,1,train
423_218.38.wav,1,train
1-51805-D-33.wav,0,val
1072_24.04.wav,1,train
4-164021-A-1.wav,0,train
1-51805-H-33.wav,0,val
4-159426-A-9.wav,0,train
2-95258-A-1.wav,0,test
344_15.17.wav,1,test
1-76831-B-42.wav,0,val
1469_4.35.wav,1,val
1-91359-B-11.wav,0,val
1316_113.48.wav,1,test
4-144083-B-16.wav,0,train
3-124795-A-28.wav,0,test
756_7.3.wav,1,train
14_146.67.wav,1,val
61_25.65.wav,1,val
3-157149-A-10.wav,0,test
153_59.8.wav,1,train
5-150409-A-42.wav,0,test
1422_56.45.wav,1,test
686_297.83.wav,1,test
2-70938-A-42.wav,0,test
4-188293-B-15.wav,0,test
400_40.75.wav,1,train
334_29.81.wav,1,train
1243_320.39.wav,1,train
1-56233-A-9.wav,0,val
1071_75.26.wav,1,test
443_172.55.wav,1,test
98_154.83.wav,1,test
4-175000-C-40.wav,0,test
1304_104.98.wav,1,val
749_26.93.wav,1,val
1-17124-A-43.wav,0,val
125_0.08.wav,1,test
1455_14.07.wav,1,train
3-187710-A-11.wav,0,train
5-232272-A-44.wav,0,test
536_14.73.wav,1,val
3-253084-E-2.wav,0,test
2-125821-A-13.wav,0,train
3-141240-A-44.wav,0,train
2-166644-C-2.wav,0,train
613_264.17.wav,1,train
2-32834-A-4.wav,0,train
4-132383-B-2.wav,0,train
1463_72.21.wav,1,train
5-261433-A-15.wav,0,test
4-149294-A-41.wav,0,train
4-178402-A-43.wav,0,train
5-207781-A-17.wav,0,test
5-253085-B-3.wav,0,val
576_32.63.wav,1,test
684_108.91.wav,1,train
1085_56.28.wav,1,val
3-165856-A-41.wav,0,train
1000_24.06.wav,1,test
979_21.2.wav,1,train
3-137152-A-1.wav,0,train
1-32318-A-0.wav,0,val
634_138.56.wav,1,train
899_34.28.wav,1,train
291_113.79.wav,1,test
674_20.07.wav,1,train
8_29.05.wav,1,train
4-223125-A-14.wav,0,train
902_30.99.wav,1,val
2-135649-C-45.wav,0,train
497_55.27.wav,1,test
582_82.22.wav,1,train
1379_45.44.wav,1,train
1482_50.15.wav,1,test
1070_55.21.wav,1,test
3-65748-A-12.wav,0,train
154_284.1.wav,1,train
3-136288-A-0.wav,0,train
1-24524-C-19.wav,0,val
2-123712-A-33.wav,0,val
606_33.41.wav,1,train
3-197408-A-8.wav,0,val
1038_336.22.wav,1,train
545_19.91.wav,1,val
856_95.62.wav,1,val
308_8.39.wav,1,train
903_0.05.wav,1,val
1-50661-A-44.wav,0,train
971_70.16.wav,1,val
749_136.58.wav,1,test
4-184235-A-28.wav,0,test
1102_67.79.wav,1,test
768_0.09.wav,1,test
1580_55.16.wav,1,train
3-127890-A-9.wav,0,val
1217_20.08.wav,1,test
2-182508-A-8.wav,0,test
347_81.14.wav,1,train
555_50.41.wav,1,test
1337_274.62.wav,1,train
368_75.02.wav,1,test
467_181.75.wav,1,val
5-197121-A-45.wav,0,train
5-249748-A-28.wav,0,val
1188_34.94.wav,1,test
704_22.47.wav,1,train
866_99.17.wav,1,val
249_511.11.wav,1,val
1-47923-A-28.wav,0,train
1-24074-A-43.wav,0,test
3-104632-A-12.wav,0,train
3-163607-A-13.wav,0,test
5-177779-A-33.wav,0,train
3-259622-A-44.wav,0,train
1008_100.08.wav,1,train
5-263501-A-25.wav,0,train
3-145382-A-1.wav,0,val
1518_83.44.wav,1,train
4-168155-A-15.wav,0,train
1186_170.07.wav,1,train
5-235593-A-23.wav,0,test
1030_53.51.wav,1,test
2-52001-B-28.wav,0,train
499_15.59.wav,1,test
579_138.75.wav,1,train
9_81.37.wav,1,train
570_15.37.wav,1,val
456_159.81.wav,1,train
1-12654-A-15.wav,0,test
3-128512-B-47.wav,0,val
674_40.07.wav,1,train
1-79220-A-17.wav,0,val
1-29561-A-10.wav,0,val
3-157615-A-10.wav,0,train
4-161100-A-47.wav,0,train
3-149189-A-1.wav,0,test
1477_89.55.wav,1,test
337_132.46.wav,1,test
5-235874-A-28.wav,0,train
5-188945-A-45.wav,0,train
317_36.15.wav,1,train
572_19.12.wav,1,train
135_178.62.wav,1,test
458_60.12.wav,1,test
3-166326-A-15.wav,0,train
1306_441.12.wav,1,test
1-110389-A-0.wav,0,test
1437_11.8.wav,1,test
1-39901-A-11.wav,0,test
1157_25.2.wav,1,test
60_20.56.wav,1,test
391_23.62.wav,1,train
675_52.78.wav,1,test
4-195707-A-13.wav,0,test
528_390.28.wav,1,train
5-262641-A-15.wav,0,val
1536_175.71.wav,1,train
1064_36.95.wav,1,train
5-169983-A-5.wav,0,test
1-27405-A-28.wav,0,test
1436_182.04.wav,1,train
5-103420-A-2.wav,0,train
5-234145-A-28.wav,0,test
2-72547-C-14.wav,0,train
4-161579-A-40.wav,0,train
1195_51.61.wav,1,train
4-250869-A-2.wav,0,test
494_110.83.wav,1,val
4-125070-A-19.wav,0,train
1-59513-A-0.wav,0,train
757_125.87.wav,1,test
1027_179.25.wav,1,val
584_77.81.wav,1,train
1058_58.73.wav,1,val
918_46.72.wav,1,train
1364_77.15.wav,1,test
465_351.9.wav,1,train
726_101.17.wav,1,train
5-194932-A-7.wav,0,test
175_51.55.wav,1,train
269_64.51.wav,1,test
1556_30.78.wav,1,test
1053_29.29.wav,1,test
2-87780-A-33.wav,0,test
69_90.8.wav,1,val
970_43.25.wav,1,train
2-69131-A-5.wav,0,train
624_53.07.wav,1,val
3-134699-B-16.wav,0,train
1020_0.08.wav,1,val
1177_102.53.wav,1,train
1195_27.04.wav,1,train
617_21.39.wav,1,train
474_30.23.wav,1,train
124_0.05.wav,1,val
5-235893-A-28.wav,0,test
251_56.98.wav,1,train
757_316.86.wav,1,test
1-36400-A-23.wav,0,train
1085_26.28.wav,1,test
1589_90.4.wav,1,train
613_50.04.wav,1,train
907_57.28.wav,1,test
5-179496-B-16.wav,0,test
682_12.29.wav,1,train
329_373.68.wav,1,test
241_50.08.wav,1,train
2-72547-B-14.wav,0,test
242_265.09.wav,1,test
1516_196.49.wav,1,val
2-81970-C-7.wav,0,train
380_235.28.wav,1,val
174_184.84.wav,1,val
137_180.14.wav,1,train
1356_42.18.wav,1,train
356_15.34.wav,1,test
3-124600-A-19.wav,0,test
728_34.75.wav,1,train
3-253084-B-2.wav,0,train
3-68630-B-40.wav,0,test
1-63871-A-10.wav,0,val
16_72.84.wav,1,test
5-156999-C-19.wav,0,test
483_139.6.wav,1,test
389_823.41.wav,1,test
1-39835-B-9.wav,0,test
152_0.8.wav,1,test
2-124564-A-15.wav,0,val
326_163.4.wav,1,test
634_2.02.wav,1,train
5-205589-A-17.wav,0,test
827_10.9.wav,1,test
669_54.68.wav,1,val
1312_556.8.wav,1,test
1333_503.77.wav,1,train
3-71964-A-4.wav,0,val
1013_167.05.wav,1,train
2-108767-B-9.wav,0,train
1358_40.04.wav,1,train
648_47.29.wav,1,val
676_20.05.wav,1,test
1584_10.04.wav,1,train
1598_6.38.wav,1,train
1384_28.3.wav,1,test
3-134699-C-16.wav,0,val
139_113.13.wav,1,train
2-52085-A-4.wav,0,test
1-46272-A-12.wav,0,train
3-130330-A-22.wav,0,train
97_10.46.wav,1,train
3-156907-A-15.wav,0,train
1341_162.14.wav,1,train
4-133047-B-5.wav,0,train
574_16.68.wav,1,train
284_12.37.wav,1,train
786_10.13.wav,1,train
1225_110.08.wav,1,val
509_172.28.wav,1,val
5-194930-B-1.wav,0,train
5-199284-B-45.wav,0,val
700_0.03.wav,1,val
946_1.38.wav,1,val
1-101296-B-19.wav,0,test
3-146186-A-44.wav,0,test
3-156581-B-14.wav,0,test
248_10.05.wav,1,val
3-154957-A-1.wav,0,test
180_33.19.wav,1,test
810_113.93.wav,1,train
154_75.44.wav,1,test
1-79113-A-5.wav,0,val
1-155858-B-25.wav,0,test
1121_2.08.wav,1,val
5-257349-A-15.wav,0,train
5-254832-B-15.wav,0,test
3-115387-A-47.wav,0,train
949_261.57.wav,1,test
4-145081-A-9.wav,0,train
2-95035-A-1.wav,0,train
1039_57.58.wav,1,train
5-198278-B-7.wav,0,test
605_154.61.wav,1,test
1527_49.08.wav,1,train
379_24.32.wav,1,val
432_30.43.wav,1,train
2-107228-A-44.wav,0,test
4-175846-A-43.wav,0,train
4-173865-A-9.wav,0,test
1336_8.61.wav,1,test
3-117504-A-16.wav,0,train
1415_68.1.wav,1,train
1396_63.95.wav,1,train
4-102871-A-42.wav,0,train
2-37806-C-40.wav,0,train
371_40.04.wav,1,val
1577_19.81.wav,1,train
5-177957-D-40.wav,0,train
4-177250-A-10.wav,0,test
3-138212-A-45.wav,0,train
2-73260-A-10.wav,0,train
619_11.02.wav,1,test
1567_379.19.wav,1,test
2-108760-A-14.wav,0,val
374_0.04.wav,1,train
4-200330-A-6.wav,0,train
3-164216-C-6.wav,0,test
1-71030-A-6.wav,0,train
1529_57.83.wav,1,train
318_15.77.wav,1,test
199_39.68.wav,1,train
44_60.05.wav,1,train
5-193339-A-10.wav,0,test
2-126433-A-17.wav,0,val
1023_0.15.wav,1,test
4-184575-A-0.wav,0,train
310_55.08.wav,1,val
1301_21.44.wav,1,train
1427_294.25.wav,1,test
1424_60.27.wav,1,test
136_10.81.wav,1,train
5-240671-A-44.wav,0,test
796_20.11.wav,1,train
2-69131-B-5.wav,0,train
545_9.91.wav,1,test
1200_340.03.wav,1,test
1162_230.72.wav,1,train
563_24.65.wav,1,train
1-26806-A-1.wav,0,val
2-209478-A-25.wav,0,val
1-76831-C-42.wav,0,train
684_74.65.wav,1,train
509_723.46.wav,1,train
5-215658-B-12.wav,0,val
190_15.76.wav,1,test
2-128465-A-43.wav,0,train
924_46.55.wav,1,train
3-94343-A-25.wav,0,test
1463_24.31.wav,1,train
1500_28.89.wav,1,test
3-101381-B-33.wav,0,test
162_128.08.wav,1,val
1000_4.06.wav,1,train
1006_42.77.wav,1,test
982_34.21.wav,1,test
880_123.96.wav,1,test
3-141240-B-44.wav,0,val
81_10.05.wav,1,val
1-51805-F-33.wav,0,train
3-118972-B-41.wav,0,test
978_30.08.wav,1,train
1252_181.07.wav,1,val
2-106019-A-13.wav,0,val
18_18.5.wav,1,test
748_340.22.wav,1,train
1194_158.4.wav,1,test
1-43807-C-47.wav,0,train
411_20.77.wav,1,train
2-50774-A-23.wav,0,val
1304_174.98.wav,1,val
1-7973-A-7.wav,0,train
974_8.43.wav,1,train
611_25.0.wav,1,train
1-39923-A-1.wav,0,val
4-163609-B-16.wav,0,val
3-155577-A-14.wav,0,train
1110_163.87.wav,1,test
4-212604-C-15.wav,0,val
5-243459-B-14.wav,0,train
4-188703-A-8.wav,0,train
1-172649-E-40.wav,0,val
5-257839-A-14.wav,0,val
4-174860-B-3.wav,0,train
4-197454-B-28.wav,0,val
235_60.03.wav,1,test
1-155858-D-25.wav,0,val
1-17367-A-10.wav,0,val
5-212734-A-17.wav,0,test
252_12.99.wav,1,test
3-136608-A-16.wav,0,test
5-243773-A-44.wav,0,test
1194_55.34.wav,1,train
5-234879-A-1.wav,0,train
243_258.03.wav,1,test
762_3.16.wav,1,train
832_63.39.wav,1,train
5-198321-A-10.wav,0,test
4-163609-A-16.wav,0,train
1147_272.92.wav,1,train
4-195497-A-11.wav,0,test
794_20.19.wav,1,test
521_6.26.wav,1,val
959_100.08.wav,1,val
5-179865-A-43.wav,0,test
1375_73.74.wav,1,train
1192_23.69.wav,1,train
3-180256-A-0.wav,0,test
4-188703-D-8.wav,0,test
847_20.15.wav,1,val
1096_15.03.wav,1,val
4-107117-A-33.wav,0,train
1-17565-A-12.wav,0,test
5-198891-B-8.wav,0,train
707_58.57.wav,1,train
1266_34.06.wav,1,train
1574_245.58.wav,1,train
727_95.0.wav,1,train
553_15.29.wav,1,train
2-68391-B-41.wav,0,test
1058_20.13.wav,1,train
4-156227-A-9.wav,0,test
5-214362-A-17.wav,0,train
5-216214-A-13.wav,0,train
1227_34.96.wav,1,train
346_165.23.wav,1,val
1009_38.04.wav,1,train
1358_70.04.wav,1,test
1165_104.69.wav,1,val
1114_58.51.wav,1,train
1339_21.48.wav,1,train
1139_50.08.wav,1,train
1410_357.28.wav,1,test
1227_113.54.wav,1,train
5-200329-B-8.wav,0,test
1159_0.16.wav,1,train
834_83.18.wav,1,train
894_42.65.wav,1,train
3-149465-A-22.wav,0,test
740_10.24.wav,1,train
639_87.86.wav,1,train
4-205526-B-23.wav,0,train
2-25293-A-22.wav,0,test
4-175000-B-40.wav,0,train
5-248341-C-6.wav,0,test
1291_10.08.wav,1,train
1435_20.83.wav,1,test
2-109374-A-16.wav,0,train
1-51147-A-25.wav,0,val
139_143.13.wav,1,test
3-103599-B-25.wav,0,train
3-136451-A-45.wav,0,test
4-165823-B-41.wav,0,test
1280_182.9.wav,1,train
906_13.95.wav,1,val
1010_34.33.wav,1,test
1601_331.53.wav,1,train
3-166125-B-23.wav,0,train
396_235.11.wav,1,train
4-175000-A-40.wav,0,test
3-118658-A-41.wav,0,train
156_62.81.wav,1,train
5-156026-C-4.wav,0,test
1510_146.8.wav,1,train
3-118656-A-41.wav,0,train
132_10.07.wav,1,train
4-180380-A-10.wav,0,train
2-205966-A-16.wav,0,val
679_66.22.wav,1,train
1045_102.92.wav,1,val
1-34119-B-1.wav,0,val
1542_30.04.wav,1,test
1285_198.16.wav,1,test
3-51376-A-42.wav,0,train
5-200461-B-11.wav,0,train
2-72688-A-42.wav,0,val
1284_28.82.wav,1,val
625_1182.47.wav,1,val
237_30.03.wav,1,train
1188_44.94.wav,1,test
4-144083-C-16.wav,0,train
136_20.81.wav,1,train
1-7456-A-13.wav,0,val
633_60.08.wav,1,train
1-69760-A-16.wav,0,val
707_98.57.wav,1,test
3-143929-A-10.wav,0,val
4-161579-B-40.wav,0,train
3-95697-A-5.wav,0,test
3-246513-A-16.wav,0,test
1291_0.08.wav,1,train
1071_63.4.wav,1,val
928_0.76.wav,1,train
3-171281-A-6.wav,0,train
3-163459-A-0.wav,0,val
5-200329-C-8.wav,0,train
4-99644-D-4.wav,0,val
702_50.04.wav,1,train
5-259180-A-15.wav,0,test
5-244315-C-6.wav,0,test
851_17.03.wav,1,test
309_48.17.wav,1,train
461_107.33.wav,1,train
1-119125-A-45.wav,0,val
5-198891-D-8.wav,0,train
1105_64.14.wav,1,train
1-72229-B-6.wav,0,val
1198_122.32.wav,1,train
4-205526-A-23.wav,0,test
2-66205-A-23.wav,0,train
419_53.15.wav,1,train
1123_406.8.wav,1,train
841_81.44.wav,1,val
1358_30.04.wav,1,test
18_41.67.wav,1,test
618_200.16.wav,1,val
685_60.26.wav,1,test
2-54961-A-23.wav,0,test
1503_60.04.wav,1,test
4-176631-A-43.wav,0,train
1-17585-A-7.wav,0,val
600_241.99.wav,1,train
1-46040-A-14.wav,0,train
1480_57.34.wav,1,val
560_4.0.wav,1,test
4-172143-A-13.wav,0,train
897_241.0.wav,1,val
2-119161-A-8.wav,0,train
1-23222-B-19.wav,0,val
1031_163.68.wav,1,test
3-70962-A-4.wav,0,test
146_18.61.wav,1,test
698_574.39.wav,1,train
980_165.03.wav,1,train
42_25.66.wav,1,test
5-179866-A-43.wav,0,train
1586_40.05.wav,1,train
258_210.08.wav,1,train
509_512.28.wav,1,test
1-38560-A-14.wav,0,val
145_87.6.wav,1,train
667_115.39.wav,1,train
1031_22.52.wav,1,test
2-106015-B-44.wav,0,train
797_42.5.wav,1,train
249_501.11.wav,1,val
91_44.39.wav,1,train
693_107.98.wav,1,test
1032_121.47.wav,1,train
5-221567-A-22.wav,0,test
804_42.27.wav,1,train
1-155858-A-25.wav,0,val
340_122.16.wav,1,test
4-163606-A-16.wav,0,train
5-244459-A-28.wav,0,train
2-125966-A-11.wav,0,train
3-134802-A-13.wav,0,test
1452_20.08.wav,1,test
3-68630-A-40.wav,0,test
1476_28.76.wav,1,train
1190_102.25.wav,1,train
655_367.42.wav,1,test
2-18766-B-12.wav,0,test
1287_10.24.wav,1,train
304_270.29.wav,1,train
1184_30.06.wav,1,train
1-24524-A-19.wav,0,train
982_171.29.wav,1,train
318_75.77.wav,1,train
3-155579-A-14.wav,0,test
1438_70.25.wav,1,test
1058_10.13.wav,1,test
5-233160-A-1.wav,0,test
503_94.46.wav,1,train
494_62.18.wav,1,test
185_30.04.wav,1,test
277_14.82.wav,1,train
1541_1.78.wav,1,train
1036_21.85.wav,1,val
654_129.01.wav,1,train
5-194892-A-10.wav,0,train
1-53467-A-47.wav,0,val
4-183882-B-28.wav,0,train
3-115382-A-44.wav,0,train
651_134.4.wav,1,train
605_496.97.wav,1,train
886_0.13.wav,1,test
3-155583-A-14.wav,0,train
947_147.41.wav,1,test
626_36.14.wav,1,val
5-261439-A-15.wav,0,train
2-82077-A-7.wav,0,train
5-193473-A-12.wav,0,train
795_61.07.wav,1,val
786_40.13.wav,1,test
1132_76.94.wav,1,test
1-260640-A-2.wav,0,train
743_60.57.wav,1,train
687_93.11.wav,1,test
1053_14.46.wav,1,train
1560_38.1.wav,1,train
1-260640-C-2.wav,0,val
3-68630-C-40.wav,0,train
1275_59.41.wav,1,test
355_17.68.wav,1,val
1580_25.16.wav,1,val
1266_40.54.wav,1,val
4-198962-A-25.wav,0,train
1083_10.07.wav,1,train
180_23.19.wav,1,val
1-36929-A-47.wav,0,test
25_85.26.wav,1,test
5-177957-E-40.wav,0,test
580_62.39.wav,1,train
98_472.87.wav,1,test
1323_0.07.wav,1,test
133_35.47.wav,1,train
1-30709-C-23.wav,0,val
501_56.18.wav,1,train
294_30.58.wav,1,test
360_126.76.wav,1,train
330_5.17.wav,1,train
866_48.27.wav,1,train
1408_80.11.wav,1,test
1412_10.05.wav,1,train
659_370.33.wav,1,train
694_176.57.wav,1,train
1140_18.52.wav,1,train
370_191.83.wav,1,test
715_207.11.wav,1,test
446_51.78.wav,1,train
545_29.91.wav,1,train
932_31.93.wav,1,test
1301_78.14.wav,1,train
1162_40.02.wav,1,train
1238_19.32.wav,1,train
91_83.56.wav,1,train
1-40730-A-1.wav,0,train
315_3.41.wav,1,test
1-4211-A-12.wav,0,train
2-28314-A-12.wav,0,train
771_120.21.wav,1,test
300_57.65.wav,1,train
5-103415-A-2.wav,0,test
3-105236-A-7.wav,0,train
1123_337.44.wav,1,train
4-163608-B-16.wav,0,test
2-37806-A-40.wav,0,train
929_72.13.wav,1,train
980_52.08.wav,1,test
474_10.23.wav,1,train
1260_39.87.wav,1,train
835_47.21.wav,1,train
926_288.11.wav,1,train
4-144083-A-16.wav,0,train
4-197454-A-28.wav,0,train
864_219.18.wav,1,test
4-149940-B-5.wav,0,test
4-117627-A-25.wav,0,train
396_267.27.wav,1,train
1-18527-A-44.wav,0,val
368_21.59.wav,1,test
359_10.05.wav,1,test
886_20.47.wav,1,val
472_74.93.wav,1,train
2-70344-A-33.wav,0,test
1-26176-A-43.wav,0,train
2-139748-B-15.wav,0,train
1448_267.31.wav,1,train
1238_39.32.wav,1,train
206_29.66.wav,1,train
3-140199-B-8.wav,0,test
720_166.56.wav,1,train
3-140199-D-8.wav,0,train
3-154926-B-40.wav,0,val
384_50.45.wav,1,train
1109_249.82.wav,1,val
2-106849-A-47.wav,0,test
791_36.14.wav,1,train
963_10.54.wav,1,train
2-72547-A-14.wav,0,train
185_0.04.wav,1,train
611_5.0.wav,1,train
2-109371-D-16.wav,0,test
2-76868-A-6.wav,0,val
2-103423-A-3.wav,0,val
5-209989-A-22.wav,0,test
1282_25.22.wav,1,train
1253_23.35.wav,1,val
2-76408-D-22.wav,0,val
1292_20.04.wav,1,val
1531_45.6.wav,1,test
1506_9.46.wav,1,val
3-134699-A-16.wav,0,test
1132_0.72.wav,1,test
2-106487-A-44.wav,0,train
847_60.15.wav,1,train
465_264.86.wav,1,train
4-195497-B-11.wav,0,train
4-189830-A-22.wav,0,train
5-157204-A-16.wav,0,train
1429_19.69.wav,1,train
1408_10.11.wav,1,test
1-16568-A-3.wav,0,val
860_35.59.wav,1,test
4-200330-B-6.wav,0,train
767_47.27.wav,1,train
3-151557-A-28.wav,0,test
236_120.03.wav,1,test
806_72.72.wav,1,test
4-132839-A-33.wav,0,test
5-200329-A-8.wav,0,test
4-201988-A-44.wav,0,val
894_32.65.wav,1,test
3-146697-A-43.wav,0,test
552_32.68.wav,1,test
832_89.28.wav,1,train
2-50668-B-41.wav,0,train
3-155642-B-11.wav,0,train
1-260640-B-2.wav,0,train
2-81970-B-7.wav,0,train
2-134049-A-6.wav,0,train
129_324.87.wav,1,train
1588_28.33.wav,1,train
1504_137.53.wav,1,train
732_236.88.wav,1,val
4-186935-A-44.wav,0,train
2-117795-B-3.wav,0,val
1-57318-A-13.wav,0,test
2-70939-A-42.wav,0,train
468_161.08.wav,1,train
4-250869-C-2.wav,0,val
4-253649-A-6.wav,0,val
2-125875-A-13.wav,0,train
5-188495-A-19.wav,0,test
1563_197.47.wav,1,val
1026_312.24.wav,1,train
5-51149-A-25.wav,0,val
2-39441-A-19.wav,0,train
851_97.03.wav,1,train
576_62.63.wav,1,train
1321_0.58.wav,1,train
783_132.3.wav,1,train
482_28.54.wav,1,train
4-197871-A-15.wav,0,train
732_156.88.wav,1,train
275_64.26.wav,1,train
451_20.08.wav,1,val
1560_22.39.wav,1,val
5-195518-A-7.wav,0,test
294_20.58.wav,1,val
678_40.03.wav,1,train
262_339.21.wav,1,test
3-129264-A-9.wav,0,train
920_219.76.wav,1,test
1-15689-B-4.wav,0,test
4-188287-A-9.wav,0,val
2-108766-A-9.wav,0,test
688_16.48.wav,1,test
2-133863-A-11.wav,0,test
3-95698-A-5.wav,0,train
877_39.07.wav,1,train
3-101381-A-33.wav,0,train
1247_116.7.wav,1,train
1321_40.58.wav,1,train
592_40.99.wav,1,train
1588_58.33.wav,1,train
1025_26.51.wav,1,train
3-71964-C-4.wav,0,test
1356_52.18.wav,1,train
1-46938-B-7.wav,0,val
388_10.06.wav,1,test
767_92.1.wav,1,test
1483_17.0.wav,1,val
5-191131-A-40.wav,0,test
1352_87.36.wav,1,test
4-171706-A-23.wav,0,train
5-180156-A-43.wav,0,test
5-242492-A-3.wav,0,test
902_69.6.wav,1,train
159_751.71.wav,1,val
440_154.27.wav,1,test
131_19.9.wav,1,test
5-179496-A-16.wav,0,train
4-143118-B-7.wav,0,test
908_69.9.wav,1,train
1-54918-A-14.wav,0,train
503_2.61.wav,1,train
823_59.93.wav,1,test
3-123224-A-19.wav,0,val
3-70962-C-4.wav,0,train
642_279.39.wav,1,test
1-51805-B-33.wav,0,test
4-99644-C-4.wav,0,train
1303_89.24.wav,1,val
1-172649-F-40.wav,0,train
745_90.08.wav,1,val
1440_53.93.wav,1,train
333_0.16.wav,1,test
1-110537-A-22.wav,0,val
97_90.46.wav,1,train
4-170247-B-12.wav,0,test
1-12653-A-15.wav,0,val
3-146964-A-5.wav,0,train
3-110913-B-7.wav,0,test
159_229.18.wav,1,val
157_248.98.wav,1,train
2-32515-A-4.wav,0,val
548_67.75.wav,1,train
1-54958-A-10.wav,0,train
347_31.14.wav,1,test
146_48.61.wav,1,train
3-197408-C-8.wav,0,test
841_261.63.wav,1,test
1530_105.82.wav,1,test
1-19898-B-41.wav,0,test
1-115521-A-19.wav,0,test
4-161105-A-47.wav,0,train
871_20.54.wav,1,train
2-209477-A-25.wav,0,train
2-91912-A-33.wav,0,train
1131_89.58.wav,1,test
1-61252-A-11.wav,0,train
5-263831-B-6.wav,0,val
216_0.78.wav,1,test
86_37.51.wav,1,test
4-191687-A-0.wav,0,test
867_0.08.wav,1,test
99_64.17.wav,1,test
1507_32.07.wav,1,val
1-50688-A-17.wav,0,test
755_100.09.wav,1,train
930_79.13.wav,1,train
4-250869-B-2.wav,0,train
1473_30.14.wav,1,val
609_30.04.wav,1,train
1-51436-A-17.wav,0,val
1123_181.95.wav,1,train
4-218304-A-25.wav,0,train
2-74361-A-47.wav,0,train
3-128512-A-47.wav,0,train
336_30.04.wav,1,test
1-43807-A-47.wav,0,val
1-7057-A-12.wav,0,val
4-251959-A-47.wav,0,train
5-217186-C-16.wav,0,val
334_19.81.wav,1,train
1-39901-B-11.wav,0,val
203_65.46.wav,1,val
4-171823-A-13.wav,0,train
4-164859-A-1.wav,0,train
690_307.69.wav,1,test
5-197121-B-45.wav,0,test
4-187769-B-14.wav,0,train
487_130.24.wav,1,val
1236_295.74.wav,1,train
2-102852-A-11.wav,0,val
5-214759-A-5.wav,0,test
1-18757-A-4.wav,0,train
987_69.47.wav,1,train
5-216216-A-13.wav,0,val
2-160128-A-7.wav,0,val
739_43.05.wav,1,test
5-251957-A-47.wav,0,test
1171_57.36.wav,1,test
1-50625-A-17.wav,0,test
1275_188.07.wav,1,train
1507_62.07.wav,1,train
1335_97.56.wav,1,train
1299_165.04.wav,1,val
1559_53.95.wav,1,test
371_50.04.wav,1,train
811_138.65.wav,1,train
1385_54.03.wav,1,train
1047_40.68.wav,1,train
948_53.84.wav,1,train
1209_9.18.wav,1,test
1247_387.72.wav,1,test
55_141.31.wav,1,val
2-137162-A-11.wav,0,train
5-216370-A-41.wav,0,test
2-135649-A-45.wav,0,train
1-30709-B-23.wav,0,test
4-99193-B-4.wav,0,test
49_30.19.wav,1,val
593_100.04.wav,1,train
270_26.13.wav,1,train
250_0.04.wav,1,val
2-80313-A-28.wav,0,val
828_56.4.wav,1,train
1476_41.44.wav,1,test
777_44.17.wav,1,test
674_10.07.wav,1,test
2-160888-A-47.wav,0,train
467_157.23.wav,1,test
3-161500-A-17.wav,0,train
221_35.19.wav,1,test
1067_56.92.wav,1,train
472_84.93.wav,1,train
1409_19.3.wav,1,train
1346_12.62.wav,1,test
2-78651-A-44.wav,0,val
122_12.62.wav,1,train
878_55.46.wav,1,train
868_110.9.wav,1,val
334_69.81.wav,1,train
907_17.28.wav,1,train
2-105270-A-47.wav,0,val
377_45.61.wav,1,train
3-160993-A-3.wav,0,test
1-34495-A-14.wav,0,test
1279_84.78.wav,1,val
5-195557-A-19.wav,0,val
4-223127-A-14.wav,0,val
1398_175.26.wav,1,val
5-156999-A-19.wav,0,test
1419_237.94.wav,1,train
4-213915-C-3.wav,0,val
834_69.7.wav,1,train
3-144891-B-19.wav,0,train
2-122066-A-45.wav,0,val
947_89.67.wav,1,test
1506_86.33.wav,1,test
3-124376-B-3.wav,0,test
2-122104-B-0.wav,0,val
1-31836-B-4.wav,0,val
3-243726-A-43.wav,0,train
1-172649-B-40.wav,0,test
1070_45.21.wav,1,train
537_99.0.wav,1,train
819_33.66.wav,1,train
1192_266.59.wav,1,test
438_30.08.wav,1,test
4-250864-A-8.wav,0,val
3-51731-B-42.wav,0,test
3-127890-B-9.wav,0,test
698_530.5.wav,1,test
827_38.91.wav,1,train
832_53.39.wav,1,train
1-46938-A-7.wav,0,test
957_45.28.wav,1,val
1450_73.81.wav,1,train
771_42.28.wav,1,train
4-181628-A-17.wav,0,test
1547_313.23.wav,1,train
4-255371-A-47.wav,0,val
277_105.86.wav,1,val
1459_92.93.wav,1,train
16_34.28.wav,1,test
2-81970-A-7.wav,0,test
793_50.51.wav,1,test
3-62878-B-42.wav,0,train
583_42.3.wav,1,train
2-122067-B-45.wav,0,train
712_0.16.wav,1,val
318_55.77.wav,1,train
652_95.12.wav,1,val
965_31.16.wav,1,test
3-150979-C-40.wav,0,test
619_31.02.wav,1,val
4-186693-A-17.wav,0,test
3-95694-A-5.wav,0,train
4-182613-B-11.wav,0,train
1-23222-A-19.wav,0,val
3-118657-A-41.wav,0,test
2-135649-B-45.wav,0,test
900_20.09.wav,1,test
504_20.42.wav,1,val
5-215447-A-47.wav,0,train
343_139.84.wav,1,test
402_23.27.wav,1,train
810_63.93.wav,1,val
2-119161-C-8.wav,0,train
1-101296-A-19.wav,0,val
3-163607-B-13.wav,0,train
311_10.03.wav,1,train
868_10.9.wav,1,val
1092_103.38.wav,1,val
555_26.26.wav,1,train
267_22.26.wav,1,train
313_5.29.wav,1,train
242_238.93.wav,1,test
701_42.08.wav,1,train
4-204830-A-6.wav,0,test
1332_181.39.wav,1,train
392_62.72.wav,1,test
2-70367-A-33.wav,0,train
967_82.78.wav,1,val
5-203739-A-10.wav,0,val
1-115920-A-22.wav,0,val
4-111671-B-42.wav,0,train
5-194899-B-3.wav,0,train
1419_247.94.wav,1,train
1527_92.55.wav,1,val
1-97392-A-0.wav,0,val
1357_134.99.wav,1,train
1279_10.71.wav,1,val
21_33.21.wav,1,train
1518_133.44.wav,1,train
950_19.54.wav,1,train
353_93.93.wav,1,test
293_81.18.wav,1,val
913_174.26.wav,1,test
149_7.04.wav,1,val
3-159445-A-45.wav,0,test
5-193473-B-12.wav,0,test
584_27.81.wav,1,train
979_31.81.wav,1,val
3-145774-A-12.wav,0,train
712_93.97.wav,1,train
284_62.37.wav,1,val
5-200461-A-11.wav,0,test
784_78.21.wav,1,test
1-172649-A-40.wav,0,val
1077_26.13.wav,1,val
3-178096-A-6.wav,0,val
825_261.76.wav,1,val
49_0.19.wav,1,train
3-127874-A-17.wav,0,test
1491_38.85.wav,1,val
4-167063-B-11.wav,0,train
3-257858-A-2.wav,0,train
2-104877-A-3.wav,0,test
5-156026-B-4.wav,0,train
4-169127-A-41.wav,0,train
5-177957-A-40.wav,0,test
4-194246-A-13.wav,0,train
553_25.29.wav,1,train
925_10.04.wav,1,test
2-119161-B-8.wav,0,train
3-157487-A-10.wav,0,test
1575_125.29.wav,1,val
1583_434.95.wav,1,val
1128_553.69.wav,1,val
808_164.04.wav,1,train
1569_82.41.wav,1,test
1-19026-A-43.wav,0,test
337_102.46.wav,1,test
5-103421-A-2.wav,0,test
3-103401-C-33.wav,0,val
3-103401-D-33.wav,0,test
5-235507-A-44.wav,0,train
776_90.4.wav,1,val
4-186940-A-44.wav,0,train
688_6.48.wav,1,train
2-108763-A-9.wav,0,val
1496_32.71.wav,1,train
5-244315-B-6.wav,0,train
4-189838-A-22.wav,0,train
456_199.81.wav,1,test
821_0.05.wav,1,test
4-130584-A-4.wav,0,train
5-117118-A-42.wav,0,test
2-71162-A-1.wav,0,train
529_60.13.wav,1,val
4-172377-A-17.wav,0,train
3-197408-B-8.wav,0,test
313_149.23.wav,1,train
92_46.37.wav,1,val
647_20.08.wav,1,val
1-47250-B-41.wav,0,train
1-59102-A-13.wav,0,test
382_124.08.wav,1,train
5-219379-B-11.wav,0,train
3-107219-A-1.wav,0,train
914_62.32.wav,1,train
1053_71.84.wav,1,test
448_53.25.wav,1,train
658_74.1.wav,1,train
1249_187.3.wav,1,test
4-234644-A-2.wav,0,train
1506_62.25.wav,1,test
165_21.83.wav,1,train
3-155312-A-0.wav,0,test
852_10.06.wav,1,test
2-209475-A-25.wav,0,train
4-244318-A-6.wav,0,train
683_15.9.wav,1,train
5-156999-D-19.wav,0,train
356_35.34.wav,1,train
899_144.28.wav,1,test
309_17.47.wav,1,val
442_207.15.wav,1,train
2-75726-A-6.wav,0,train
848_108.13.wav,1,val
1408_0.11.wav,1,val
4-161099-A-47.wav,0,train
3-155234-A-43.wav,0,val
1574_69.11.wav,1,val
659_182.84.wav,1,train
2-127109-A-6.wav,0,train
1497_85.31.wav,1,val
1-208757-E-2.wav,0,val
1282_15.22.wav,1,train
1025_107.18.wav,1,test
1116_0.18.wav,1,test
5-188606-A-33.wav,0,train
4-156993-A-19.wav,0,train
1057_212.75.wav,1,train
3-156581-A-14.wav,0,test
830_0.07.wav,1,train
2-103426-A-3.wav,0,train
542_111.58.wav,1,test
2-76408-A-22.wav,0,train
132_0.07.wav,1,test
2-155801-A-11.wav,0,val
4-121532-A-42.wav,0,test
1-43760-A-11.wav,0,val
2-100786-A-1.wav,0,val
3_20.04.wav,1,train
980_59.42.wav,1,train
626_69.8.wav,1,test
2-139749-A-15.wav,0,train
4-164064-A-1.wav,0,train
3-94355-A-33.wav,0,train
735_223.57.wav,1,train
900_30.09.wav,1,train
4-183487-A-1.wav,0,train
242_258.93.wav,1,train
612_17.39.wav,1,train
5-243773-B-44.wav,0,train
1447_27.34.wav,1,test
677_210.56.wav,1,train
5-156999-B-19.wav,0,train
156_102.81.wav,1,train
1231_143.07.wav,1,train
1-30709-A-23.wav,0,test
869_42.13.wav,1,train
70_102.24.wav,1,train
5-9032-A-0.wav,0,val
1398_165.26.wav,1,train
5-103416-A-2.wav,0,train
4-184237-A-28.wav,0,train
572_39.12.wav,1,train
1337_264.62.wav,1,test
669_331.04.wav,1,train
1325_12.88.wav,1,test
390_56.8.wav,1,val
2-64963-A-15.wav,0,test
654_71.81.wav,1,test
60_33.15.wav,1,val
3-118658-B-41.wav,0,val
9_58.15.wav,1,val
1140_41.43.wav,1,train
1469_60.21.wav,1,train
2-117795-A-3.wav,0,train
3-62878-A-42.wav,0,test
4-212604-A-15.wav,0,test
65_107.98.wav,1,train
3-146965-A-5.wav,0,test
1421_51.47.wav,1,train
1-181071-A-40.wav,0,train
124_10.05.wav,1,train
201_20.65.wav,1,train
1-90797-A-15.wav,0,val
3-154926-A-40.wav,0,train
1317_8.13.wav,1,val
822_56.12.wav,1,val
1258_96.21.wav,1,test
5-188796-A-45.wav,0,test
949_201.57.wav,1,test
1409_189.3.wav,1,test
1290_12.26.wav,1,train
5-179868-A-43.wav,0,test
584_47.81.wav,1,train
1-31251-B-6.wav,0,val
1528_40.34.wav,1,train
864_149.18.wav,1,test
2-103424-A-3.wav,0,test
1308_182.86.wav,1,test
855_39.22.wav,1,test
786_20.13.wav,1,train
1483_37.0.wav,1,train
969_19.67.wav,1,val
1-17150-A-12.wav,0,val
1020_30.08.wav,1,val
390_86.68.wav,1,train
1087_116.81.wav,1,train
351_0.23.wav,1,val
1152_180.13.wav,1,test
3-187549-A-6.wav,0,test
668_40.01.wav,1,train
1341_132.14.wav,1,val
5-221568-A-22.wav,0,train
5-117120-A-42.wav,0,train
650_61.68.wav,1,val
863_30.3.wav,1,train
696_135.97.wav,1,train
1-19501-A-7.wav,0,test
581_30.5.wav,1,test
3-130998-B-28.wav,0,val
200_90.03.wav,1,test
450_10.1.wav,1,train
5-216368-A-28.wav,0,test
1-19898-A-41.wav,0,test
2-139748-A-15.wav,0,test
522_160.84.wav,1,val
2-37806-B-40.wav,0,test
1557_23.34.wav,1,train
2-81270-A-1.wav,0,train
2-70936-A-42.wav,0,train
1-50454-A-44.wav,0,val
2-209473-A-25.wav,0,train
1-47250-A-41.wav,0,val
535_50.0.wav,1,test
4-144085-A-16.wav,0,test
1023_43.67.wav,1,val
2-104105-B-19.wav,0,test
3-51909-B-42.wav,0,val
1429_31.82.wav,1,test
1482_39.82.wav,1,test
4-133895-A-7.wav,0,train
1-54918-B-14.wav,0,val
2-118072-A-0.wav,0,train
5-243783-A-44.wav,0,val
4-67358-A-42.wav,0,train
1013_38.74.wav,1,val
288_10.07.wav,1,test
5-215445-A-47.wav,0,test
2-87781-A-10.wav,0,val
5-215179-A-13.wav,0,test
5-187201-A-4.wav,0,test
2-99955-B-7.wav,0,train
1-27403-A-28.wav,0,test
2-122616-A-14.wav,0,train
4-133047-C-5.wav,0,test
1-57795-A-8.wav,0,train
1245_452.09.wav,1,train
1-103298-A-9.wav,0,val
1547_83.8.wav,1,test
797_99.1.wav,1,train
210_141.34.wav,1,train
397_20.17.wav,1,train
610_10.76.wav,1,test
2-116400-A-0.wav,0,train
1422_65.01.wav,1,val
1-17808-A-12.wav,0,val
2-50667-A-41.wav,0,val
633_164.68.wav,1,test
2-77945-A-41.wav,0,train
2-110417-A-28.wav,0,val
1-43807-D-47.wav,0,train
1384_83.83.wav,1,test
5-251963-A-47.wav,0,train
1494_0.04.wav,1,train
4-181563-A-12.wav,0,test
1-196660-B-8.wav,0,test
635_256.31.wav,1,train
561_50.03.wav,1,train
235_0.03.wav,1,train
1016_122.22.wav,1,test
1198_241.64.wav,1,val
199_49.68.wav,1,test
657_4.81.wav,1,val
4-111671-A-42.wav,0,train
1553_70.08.wav,1,train
1076_569.72.wav,1,test
812_42.04.wav,1,train
4-160036-B-33.wav,0,val
2-39945-A-19.wav,0,test
803_22.27.wav,1,test
1114_180.63.wav,1,train
2-144137-A-43.wav,0,test
4-189833-A-22.wav,0,train
5-238492-A-23.wav,0,test
1-30226-A-0.wav,0,test
5-215449-A-47.wav,0,test
5-200339-A-1.wav,0,test
2-158746-C-2.wav,0,train
866_58.95.wav,1,test
2-52789-A-4.wav,0,val
1-75190-A-8.wav,0,train
1256_55.55.wav,1,val
562_264.42.wav,1,test
2-77945-B-41.wav,0,val
317_55.92.wav,1,val
2-83934-B-5.wav,0,val
741_157.81.wav,1,val
128_2092.69.wav,1,test
863_50.3.wav,1,test
3-124376-A-3.wav,0,train
1-75189-A-7.wav,0,train
2-81731-A-10.wav,0,test
4-194981-A-25.wav,0,test
5-194899-C-3.wav,0,test
3-164595-A-15.wav,0,test
819_23.66.wav,1,val
2-65750-A-1.wav,0,test
1033_0.12.wav,1,test
1538_30.72.wav,1,train
4-202749-A-13.wav,0,val
5-244310-A-25.wav,0,train
2-209471-A-25.wav,0,val
292_124.24.wav,1,train
1-47714-A-16.wav,0,val
1316_213.13.wav,1,val
4-171207-A-12.wav,0,train
5-261325-A-9.wav,0,val
5-259169-A-5.wav,0,val
3-159445-B-45.wav,0,train
1-18755-B-4.wav,0,val
777_54.17.wav,1,test
344_105.17.wav,1,test
2-68391-A-41.wav,0,train
5-185579-B-41.wav,0,test
4-210000-B-23.wav,0,val
1281_30.24.wav,1,val
4-159609-A-14.wav,0,train
941_13.78.wav,1,val
2-54086-A-43.wav,0,val
794_30.19.wav,1,val
5-243459-A-14.wav,0,test
679_104.06.wav,1,test
2-209474-A-25.wav,0,train
830_30.07.wav,1,test
2-117330-A-28.wav,0,train
1-22882-A-44.wav,0,test
1597_10.05.wav,1,train
1297_94.93.wav,1,train
2-72547-D-14.wav,0,val
544_64.71.wav,1,val
1584_85.41.wav,1,val
306_19.79.wav,1,train
1401_16.22.wav,1,train
4-175845-A-43.wav,0,train
962_40.59.wav,1,train
834_329.05.wav,1,test
538_79.11.wav,1,train
3-151557-B-28.wav,0,train
1175_66.38.wav,1,test
734_32.23.wav,1,train
441_10.07.wav,1,train
3-253081-A-2.wav,0,test
157_10.09.wav,1,train
5-248341-A-6.wav,0,train
1-181071-B-40.wav,0,val
3-108451-B-17.wav,0,test
5-214869-A-9.wav,0,test
2-188822-A-40.wav,0,val
3-103051-C-19.wav,0,train
5-202898-A-10.wav,0,train
2-68595-A-15.wav,0,train
987_129.47.wav,1,train
1-36397-A-23.wav,0,train
5-243450-A-14.wav,0,test
1038_193.91.wav,1,train
1590_46.91.wav,1,val
925_0.04.wav,1,test
743_40.57.wav,1,test
5-248341-B-6.wav,0,test
2-32515-B-4.wav,0,test
933_73.16.wav,1,val
693_473.03.wav,1,test
213_42.38.wav,1,val
4-174797-A-15.wav,0,train
1531_9.9.wav,1,train
1-61261-A-44.wav,0,train
759_84.43.wav,1,val
5-177957-C-40.wav,0,test
1-54065-A-45.wav,0,test
5-233787-A-7.wav,0,val
1091_87.27.wav,1,val
1435_40.83.wav,1,test
3-253084-A-2.wav,0,test
1096_46.87.wav,1,train
3-94344-A-25.wav,0,train
56_1.59.wav,1,train
2-57733-A-22.wav,0,train
5-213293-A-23.wav,0,test
426_506.66.wav,1,train
4-173865-B-9.wav,0,train
529_10.13.wav,1,train
5-127990-A-2.wav,0,val
187_170.27.wav,1,train
709_186.97.wav,1,train
1-56311-A-10.wav,0,train
971_215.28.wav,1,test
1441_30.14.wav,1,val
769_104.62.wav,1,train
2-109371-A-16.wav,0,train
336_90.04.wav,1,train
1228_153.91.wav,1,train
5-244315-A-6.wav,0,test
1529_24.43.wav,1,train
1115_33.38.wav,1,test
585_0.03.wav,1,train
392_26.17.wav,1,train
5-242491-A-14.wav,0,train
2-32515-D-4.wav,0,train
5-205589-B-17.wav,0,train
3-103599-A-25.wav,0,test
3-108160-A-23.wav,0,train
1-208757-C-2.wav,0,test
4-205738-A-22.wav,0,val
359_20.05.wav,1,train
1091_77.27.wav,1,train
672_154.82.wav,1,test
4-154793-A-4.wav,0,train
1240_84.86.wav,1,val
3-142349-A-17.wav,0,train
1332_107.15.wav,1,test
898_10.04.wav,1,test
683_67.37.wav,1,test
2-118964-A-0.wav,0,test
3-140199-A-8.wav,0,train
263_20.08.wav,1,train
2-104105-A-19.wav,0,val
512_463.43.wav,1,train
5-249937-A-22.wav,0,test
4-80761-A-42.wav,0,test
725_90.45.wav,1,test
535_60.25.wav,1,train
5-216370-B-41.wav,0,train
2-110614-A-8.wav,0,val
3-132852-A-10.wav,0,train
4-163264-A-10.wav,0,train
216_50.78.wav,1,val
404_60.07.wav,1,train
129_164.19.wav,1,test
1253_33.35.wav,1,test
16_92.84.wav,1,train
5-234855-A-25.wav,0,train
241_10.08.wav,1,val
884_76.0.wav,1,train
1-70300-A-45.wav,0,train
1027_159.25.wav,1,train
5-194899-D-3.wav,0,train
694_149.21.wav,1,train
5-198891-A-8.wav,0,test
1366_0.07.wav,1,train
5-233312-A-28.wav,0,train
4-216211-A-14.wav,0,test
4-182395-A-0.wav,0,train
1-85362-A-0.wav,0,train
1132_96.94.wav,1,train
8_58.53.wav,1,train
5-156026-D-4.wav,0,train
1251_574.02.wav,1,test
569_13.98.wav,1,train
676_60.05.wav,1,train
1533_119.84.wav,1,train
2-78781-A-47.wav,0,train
423_408.52.wav,1,train
3-181132-A-14.wav,0,train
564_36.12.wav,1,val
588_167.31.wav,1,train
1435_10.83.wav,1,train
690_171.54.wav,1,train
3-155766-A-13.wav,0,val
5-185579-A-41.wav,0,train
607_106.69.wav,1,test
757_333.09.wav,1,train
5-208810-B-11.wav,0,train
5-208030-A-0.wav,0,test
1575_91.54.wav,1,train
701_32.08.wav,1,train
4-212604-B-15.wav,0,train
248_20.05.wav,1,test
4-181955-B-3.wav,0,test
2-82455-A-23.wav,0,train
110_28.81.wav,1,train
2-102414-E-17.wav,0,train
937_254.51.wav,1,train
3-166422-A-11.wav,0,test
525_177.39.wav,1,train
243_284.68.wav,1,test
3-151206-A-23.wav,0,test
328_60.18.wav,1,val
1-31482-A-42.wav,0,val
860_143.0.wav,1,test
1-40621-A-28.wav,0,val
781_309.83.wav,1,train
689_10.59.wav,1,val
1-96950-A-9.wav,0,train
2-196688-A-8.wav,0,val
1157_35.2.wav,1,train
1-19898-C-41.wav,0,val
6_58.01.wav,1,train
1045_112.92.wav,1,test
4-182795-A-14.wav,0,train
1151_130.49.wav,1,test
1028_263.05.wav,1,train
1456_163.19.wav,1,train
458_70.12.wav,1,train
3-166125-A-23.wav,0,test
5-253085-A-3.wav,0,train
5-237499-A-4.wav,0,val
5-234879-B-1.wav,0,val
329_203.14.wav,1,train
5-179863-A-43.wav,0,train
4-187504-B-17.wav,0,val
1315_143.17.wav,1,train
4-168868-A-17.wav,0,train
1301_1.44.wav,1,val
4-90014-A-42.wav,0,train
528_450.28.wav,1,train
3-104761-A-7.wav,0,train
1-39835-A-9.wav,0,test
3-112397-A-9.wav,0,train
559_30.07.wav,1,test
4-90014-B-42.wav,0,val
3-155584-A-14.wav,0,val
4-125072-A-19.wav,0,train
337_122.46.wav,1,train
588_13.7.wav,1,train
469_86.35.wav,1,val
3-158476-A-12.wav,0,test
5-179860-A-43.wav,0,test
1209_49.18.wav,1,test
2-132157-B-11.wav,0,train
1592_161.4.wav,1,test
1-47819-A-5.wav,0,test
1484_554.77.wav,1,val
3-151255-A-28.wav,0,test
1-34119-A-1.wav,0,test
1-80840-A-13.wav,0,train
395_40.51.wav,1,train
4-157611-B-41.wav,0,test
1178_60.24.wav,1,val
5-173568-A-33.wav,0,test
1-18527-B-44.wav,0,test
402_9.63.wav,1,val
1240_49.27.wav,1,train
740_30.24.wav,1,test
4-170247-A-12.wav,0,train
3-144028-A-0.wav,0,test
521_59.26.wav,1,val
591_0.03.wav,1,val
3-164630-A-11.wav,0,test
1092_293.38.wav,1,val
1331_73.72.wav,1,test
1-28135-B-11.wav,0,test
461_97.33.wav,1,test
1479_5.75.wav,1,train
2-39945-B-19.wav,0,train
1144_170.07.wav,1,test
522_204.08.wav,1,test
613_277.36.wav,1,test
1-31482-B-42.wav,0,test
698_229.0.wav,1,train
3-51731-A-42.wav,0,test
3-121348-A-9.wav,0,test
3-135650-B-45.wav,0,test
4-164661-A-12.wav,0,train
4-143118-A-7.wav,0,train
777_74.17.wav,1,val
347_71.14.wav,1,train
835_87.21.wav,1,train
1588_68.33.wav,1,train
1373_11.17.wav,1,train
1534_48.91.wav,1,test
213_57.04.wav,1,val
110_48.81.wav,1,val
3-181278-A-22.wav,0,test
563_34.65.wav,1,train
1292_10.04.wav,1,train
686_240.38.wav,1,test
4-161099-B-47.wav,0,train
3-233151-A-2.wav,0,train
848_68.13.wav,1,train
249_99.43.wav,1,val
1037_50.08.wav,1,test
1-51036-A-16.wav,0,train
1-26177-A-43.wav,0,train
696_0.05.wav,1,test
1192_86.59.wav,1,val
206_55.16.wav,1,train
1543_51.14.wav,1,test
848_48.13.wav,1,val
216_10.78.wav,1,test
728_300.81.wav,1,train
480_201.76.wav,1,train
4-149940-A-5.wav,0,train
1-5996-A-6.wav,0,val
941_23.78.wav,1,train
2-109231-B-9.wav,0,train
4-187769-A-14.wav,0,test
3-140774-A-10.wav,0,test
441_20.07.wav,1,train
5-177957-B-40.wav,0,train
1-61221-A-17.wav,0,train
784_38.21.wav,1,test
3-119455-A-44.wav,0,test
2-18766-A-12.wav,0,val
3-126358-B-3.wav,0,train
1-51805-A-33.wav,0,val
3-112557-A-23.wav,0,test
759_148.39.wav,1,val
415_20.03.wav,1,test
3-140199-C-8.wav,0,test
5-181766-A-10.wav,0,test
738_726.73.wav,1,train
1-28808-A-43.wav,0,val
164_18.4.wav,1,test
