filename	id	begin_sec	end_sec
0.mp4	--Jcz_RawUA	30	40
1.mp4	--x2v4WepHw	170	180
2.mp4	-3zSILamaBM	16	26
3.mp4	-4w4BTgp3hk	290	300
4.mp4	-58Z2Uxw2qE	30	40
6.mp4	-8S9TKWIOSc	30	40
7.mp4	-9HoMjD6Opk	30	40
8.mp4	-9ummbDsgFM	30	40
9.mp4	-BrnUAUA37o	30	40
10.mp4	-CTrxqVn5CE	10	20
11.mp4	-DVM0BK_h5A	30	40
12.mp4	-GnKRy1-NFo	150	160
13.mp4	-HDFlW6kofA	0	10
14.mp4	-IBinZS3e2I	60	70
15.mp4	-JFnkRrPLBM	20	30
16.mp4	-Jy1RH9XZz0	60	70
17.mp4	-KWDiAKKK30	30	40
18.mp4	-KWoQzfEzok	90	100
19.mp4	-Lid8aDC01I	30	40
20.mp4	-MwY3HhnYVY	40	50
21.mp4	-NmKNGjcERA	80	90
22.mp4	-OUTdQmnnIU	30	40
23.mp4	-PiosLMNwDc	70	80
24.mp4	-R69Fa-mCaY	20	30
25.mp4	-RNbb1ZTu8Y	30	40
26.mp4	-SgK-t40AoY	40	50
27.mp4	-X4IN3lxjWk	10	20
28.mp4	-XU_IcknTlw	10	20
29.mp4	-XVu2GZypIY	21	31
30.mp4	-_iSor95OE8	30	40
31.mp4	-aMHwbGIJzg	10	20
34.mp4	-eTk4J5JTRU	30	40
35.mp4	-eV9hw6kPRU	30	40
36.mp4	-eztaN83LCY	30	40
37.mp4	-g-_Lwk4iDo	100	110
38.mp4	-h50KNMLMTQ	30	40
39.mp4	-hVzNPwMF40	23	33
40.mp4	-lq97ErUIZQ	100	110
41.mp4	-mMYhIxQXH0	170	180
42.mp4	-oL-TYoSpzs	20	30
43.mp4	-oZqRz0eW0c	30	40
44.mp4	-rB-q8LKp-I	30	40
45.mp4	-uflbdFXl_g	30	40
46.mp4	-wmaDx3C9b4	22	32
47.mp4	-x5unSmYREU	170	180
49.mp4	-zHk3s6BkpA	30	40
50.mp4	-zNFhsPBWUM	30	40
54.mp4	050iiMJKE20	180	190
55.mp4	08gh4C8mO8c	30	40
56.mp4	08zhZZn29jc	30	40
57.mp4	0BD5ripk7SQ	30	40
58.mp4	0BMj7EIexwU	30	40
60.mp4	0IStDugr5uA	30	40
61.mp4	0M3AYnUPk4g	30	40
63.mp4	0NOfrBTZC_M	10	20
65.mp4	0QZ-JK2Ch4E	60	70
66.mp4	0UgbKFIfyGY	30	40
67.mp4	0Ux3G_cg79s	30	40
68.mp4	0ZJehw_Ug-g	220	230
69.mp4	0Zn0yN14eh8	230	240
70.mp4	0dMJ7dlPzWs	90	100
72.mp4	0fjrDsLr_aE	30	40
73.mp4	0hMZVFUXwHo	140	150
75.mp4	0knV4q5Sx_c	210	220
77.mp4	0m-tnleCDEE	50	60
78.mp4	0o-iYXYbPCE	190	200
79.mp4	0q_vFsBN_Sk	230	240
81.mp4	0s0FLwW_Zsk	0	10
84.mp4	0wDHmbmKG3g	10	20
85.mp4	13EWDdyT8GI	10	20
86.mp4	18NpKwKl6Rk	30	40
87.mp4	1B6kKOARYBo	0	10
89.mp4	1CQR2Nh6ZaU	20	30
90.mp4	1FF_PjIL4l4	10	20
91.mp4	1JWevjhd6Wk	20	30
92.mp4	1KyF6q2TTEA	40	50
94.mp4	1PQEMRY4GDk	40	50
97.mp4	1SAw44hg6sg	110	120
98.mp4	1SVwE8mtUG8	290	300
99.mp4	1SqYA6OW3ns	110	120
100.mp4	1U6iMCFXAlc	150	160
101.mp4	1ZhtOjwuNpc	40	50
108.mp4	1ur8hokq-Cs	220	230
109.mp4	1xg5haxzjFQ	0	10
110.mp4	22fW30DrCU8	30	40
112.mp4	24ywlO1l1mE	20	30
113.mp4	26BA6rIKjvk	50	60
116.mp4	29y1jdo96jw	0	10
117.mp4	2GfYNfKtpK0	30	40
118.mp4	2HLpx5mqvW8	0	10
121.mp4	2KNjxlOVpGM	20	30
122.mp4	2LL9rfu1PRg	0	10
123.mp4	2MYfUQFr6S0	160	170
124.mp4	2QGkgIAKaQE	13	23
125.mp4	2UuUxUmhugo	0	10
127.mp4	2WogzOS_D9Q	210	220
128.mp4	2XVl8t1-XOM	560	570
129.mp4	2aQ4JPV-pBM	280	290
131.mp4	2kqRYTWKKIk	10	20
132.mp4	2mBAi3PkE4U	30	40
133.mp4	2vqn1vRl-No	30	40
134.mp4	2zqxt1ZFrM8	40	50
135.mp4	32QJbdusIQw	50	60
136.mp4	33SlPXN3NPk	0	10
137.mp4	36yvY7tUqIY	220	230
139.mp4	3BO48LCK48M	30	40
140.mp4	3C1EACXWbnM	140	150
141.mp4	3O92j7ue-hE	30	40
142.mp4	3OO51tu979s	120	130
144.mp4	3RFUrX4lRM8	30	40
145.mp4	3Sby3LP-cbU	90	100
146.mp4	3Uxn1085Ld4	30	40
149.mp4	3pQxeCqSqtE	10	20
150.mp4	3sMa94JiLZI	30	40
151.mp4	41_75OEwYGo	150	160
152.mp4	44PsYJNgEek	6	16
153.mp4	45RDIESl9Ws	10	20
154.mp4	45RDZ3owtvY	100	110
156.mp4	48h1ibWL_8c	90	100
157.mp4	49wP_Zmqkyc	30	40
158.mp4	4HFaGTxgh14	180	190
159.mp4	4IXh4lRq_Hs	290	300
160.mp4	4YPYs-bHaR4	0	10
162.mp4	4f1R36qriMc	20	30
163.mp4	4iNH5KcANLw	30	40
164.mp4	4j2KuWhT_Ss	0	10
165.mp4	4jjIL7PyWX8	0	10
166.mp4	4kd99qbm25I	10	20
167.mp4	4leF1RwXFSE	40	50
168.mp4	4lytS3VyzTI	30	40
169.mp4	4v6G5PJkMkY	30	40
172.mp4	5-acFNBnyLQ	70	80
174.mp4	54PhWYrDTgw	30	40
175.mp4	59svx6RTX6E	100	110
177.mp4	5CWAf-BtBCQ	10	20
178.mp4	5CkG2GTiK4M	100	110
180.mp4	5F19VZEOOzc	30	40
182.mp4	5FjrbmfXPxk	17	27
183.mp4	5HkTArPiX8E	10	20
184.mp4	5IxlZtup57Y	30	40
185.mp4	5J0IFzqU9-E	30	40
186.mp4	5JysaXXOtEQ	10	20
187.mp4	5NqpmNqPDeQ	30	40
188.mp4	5OWCQl64pXc	30	40
189.mp4	5XYV5xpGGWk	40	50
190.mp4	5YUfq2YeYdI	30	40
191.mp4	5a_LPLNtBQs	50	60
192.mp4	5bM3Syf1KN0	240	250
194.mp4	5d0TnzxTgKM	40	50
195.mp4	5f7z2-05sBk	30	40
196.mp4	5iGJ3W1QPKw	190	200
198.mp4	5jpVVYSD1gk	70	80
199.mp4	5k9zvzKkrqo	70	80
200.mp4	5kUXjphzr7U	30	40
201.mp4	5mKfMbsjeAs	30	40
202.mp4	5x68LSNwdB0	10	20
203.mp4	5zSPUfVm32A	30	40
204.mp4	6-DAiSEzRA4	20	30
205.mp4	6-WxHsmNta8	0	10
206.mp4	60g7lnyd6sM	0	10
207.mp4	610TuLNPepE	140	150
208.mp4	66-n0kgMDfM	140	150
209.mp4	67BJyMQdzyo	22	32
210.mp4	67PlMRhS5qc	0	10
211.mp4	6Cg2mgELq8A	10	20
212.mp4	6LqiQrUchhM	30	40
213.mp4	6NOW0_HuUCQ	200	210
215.mp4	6VRcINAY7KE	0	10
216.mp4	6VjKhcP8_Zo	60	70
218.mp4	6XUTi0w3Wg0	0	10
219.mp4	6YmkVpYLK0k	0	10
220.mp4	6Z1eAbekeLg	60	70
221.mp4	6aV6c8mY0lg	30	40
222.mp4	6gLbCktiyAM	180	190
223.mp4	6hS3y44hjrI	20	30
225.mp4	6r6BLAEWh9s	100	110
226.mp4	6tXkKR9EU6w	10	20
227.mp4	7-18CoeAuA0	60	70
228.mp4	73mQmyZZsSw	10	20
229.mp4	76rJsot3DqM	10	20
231.mp4	7BMVg6l2qB0	0	10
233.mp4	7CSLF0jSayc	40	50
234.mp4	7Cm9bUZNVuk	10	20
235.mp4	7CoLnTZn774	10	20
236.mp4	7EJ1TlhoFKc	30	40
237.mp4	7FSkFZcTWXI	10	20
240.mp4	7Rvuxvba7Y0	14	24
241.mp4	7SChBv97cmg	10	20
242.mp4	7TRrkoz8iYw	220	230
243.mp4	7V7SdTOJ4Yo	520	530
244.mp4	7YDNwy5GKGA	300	310
246.mp4	7YUPoS4bD24	240	250
247.mp4	7YkRGfxAA8s	40	50
248.mp4	7bMHefrBuYg	30	40
249.mp4	7bgTxPSZ2-o	370	380
250.mp4	7cPo0JhnJjQ	30	40
251.mp4	7cWiVBljHMg	30	40
252.mp4	7ckyVndW6R8	30	40
254.mp4	7dkHshJUTAE	30	40
255.mp4	7eAIvG3uFjo	10	20
257.mp4	7gWVh1NUhRs	310	320
258.mp4	7ly236Hvae0	30	40
259.mp4	7nnOX-yZ-wE	10	20
260.mp4	7qJ6mH9_rYQ	310	320
262.mp4	81Og-_bi-u4	330	340
263.mp4	83C1jdaWwSg	30	40
265.mp4	8Il3FjtL0Rs	50	60
266.mp4	8NY3TWbkg3I	110	120
267.mp4	8PEb0vP7xWc	30	40
268.mp4	8VbyyhCscVc	30	40
269.mp4	8WMRrXWeepA	240	250
270.mp4	8YjckYU7TzI	30	40
272.mp4	8fbyzXTsxpc	40	50
273.mp4	8np7wFQdfXg	480	490
274.mp4	8rTu0h4hx6s	90	100
275.mp4	8sLYKVe1amk	30	40
277.mp4	8wQhYN24WMM	310	320
279.mp4	8yBGrAo62iQ	0	10
281.mp4	92sTzXubUgQ	200	210
282.mp4	93C94T6TfhA	0	10
283.mp4	94gMHF0bveo	76	86
284.mp4	982okBl_eYQ	0	10
286.mp4	9FIE961ZSxQ	30	40
287.mp4	9LBd-au2bh8	220	230
288.mp4	9NjlBySUVHo	0	10
290.mp4	9W1zHb6TcmE	0	10
291.mp4	9a1F8iNHHHE	30	40
292.mp4	9bSsHt3C07w	60	70
293.mp4	9gMBHU-Fw-E	30	40
294.mp4	9lz32KGfZZc	0	10
295.mp4	9qFy1anZ--M	28	38
296.mp4	9qmCbAoykkQ	40	50
298.mp4	9zvn0ebSv20	0	10
299.mp4	A--jAq0xhVk	30	40
300.mp4	A2Q9mLfZD2E	80	90
301.mp4	A5CJ4ZFpKes	10	20
302.mp4	A5p_NLW1l64	30	40
303.mp4	A6o7kLCXee0	16	26
304.mp4	ABZP_T5CXZ4	270	280
305.mp4	AEV15wHaoPY	30	40
306.mp4	AEc1SCkUUk0	30	40
307.mp4	AILthMOdN60	30	40
308.mp4	ALgtE9X6j8E	30	40
309.mp4	AOJA4TU2M9c	30	40
310.mp4	AQtZz6xvwPA	30	40
311.mp4	AT7Ko6gW86g	0	10
312.mp4	AUl1mP4wtyI	0	5
313.mp4	A_4yeTLSws8	30	40
314.mp4	AdCQrrGANTM	30	40
315.mp4	AdgZWrZKY1Y	27	37
316.mp4	AdoBKPCXMeo	50	60
317.mp4	Ae6pZjdGfRY	30	40
318.mp4	AgDxQIamHek	30	40
319.mp4	AjZ1Yaz-540	28	38
322.mp4	Apudgyyvhvs	100	110
324.mp4	AwnRr_4Sm1g	0	10
325.mp4	AwxvjrbEkTg	10	20
326.mp4	AyHBSX1ODrM	30	40
327.mp4	AybG7FSaO38	20	30
328.mp4	B0sx_c4ztyo	80	90
329.mp4	B5ugRlKeYPk	400	410
330.mp4	B7bNn4BeyKc	0	10
332.mp4	BDN1S8MBgdA	0	10
333.mp4	BHJoLGId1go	0	10
334.mp4	BIT-3hb7kIM	110	120
335.mp4	BJHhd5r2ugo	30	40
336.mp4	BJZ_RnITfJU	30	40
337.mp4	BMxA1rvFlZ8	130	140
338.mp4	BP7jhiakGVo	30	40
339.mp4	BR7mmabA9z8	30	40
340.mp4	BVGZS0tLe_A	110	120
341.mp4	BVLQiTalSjg	20	30
343.mp4	BXwdSXu0uA4	60	70
344.mp4	BYGADuRTxYw	80	90
345.mp4	BZCgbtdNH6Q	30	40
346.mp4	BbiFjirKtWM	40	50
347.mp4	Bc3YWH2K3JA	30	40
349.mp4	BeWBNG6z7f8	0	6
350.mp4	BgAnsqHXWhI	30	40
351.mp4	BjQNj1Fe-AY	10	20
352.mp4	Bk0XDemhbqE	30	40
353.mp4	Bn3I8Q2W_gI	30	40
354.mp4	BnUXJZR8CJA	30	40
355.mp4	BpBBVyd28e8	26	36
356.mp4	BrIegoRxgGc	30	40
357.mp4	BtjZjdUqzvY	4	14
359.mp4	C-uNumeNFu4	30	40
360.mp4	C0c3ktHKBJ8	60	70
361.mp4	C2Ai_RKUxPY	30	40
362.mp4	C5hCSx7GDns	100	110
364.mp4	C8CFiyI_Ba8	0	10
366.mp4	CBw20AYBM80	40	50
367.mp4	CENJ57WEMfU	210	220
368.mp4	CF0Kke3fUIM	60	70
370.mp4	CMvlpbTAxJk	170	180
371.mp4	CNGXLyik_4k	70	80
373.mp4	CQDY8CdIfMw	30	40
374.mp4	CQqjv5jpGR8	30	40
376.mp4	CS4cJBRBE6I	0	10
377.mp4	CZsgjvZi-jo	30	40
378.mp4	CaQlTXWFALY	10	20
379.mp4	CaoG16yBh1M	40	50
380.mp4	CfsB0hE9Z-4	170	180
381.mp4	CgHtcptbI1U	30	40
382.mp4	CjuCLyuvIAY	90	100
384.mp4	Cks9fKciLtU	0	10
385.mp4	Cktl4Aw_sEE	30	40
386.mp4	Cm7EoUFnLbU	30	40
387.mp4	CoWWUQiGVwQ	30	40
388.mp4	CobeC6B67wA	30	40
389.mp4	CocB6ItybUE	30	40
390.mp4	Cqj9n0PHx4M	0	10
391.mp4	Cri6WKybyqU	60	70
392.mp4	CtMlhwN3wAI	30	40
393.mp4	CvVJd_J9A2E	410	420
394.mp4	CwePqPu5Rqo	30	40
395.mp4	CyLmUFWDEvs	30	40
396.mp4	D-1qr9Ye5-8	170	180
397.mp4	D0kNXqg7Kcw	20	30
398.mp4	D4g4hDty-0Y	150	160
400.mp4	D8QghlF89yc	30	40
402.mp4	DA2ECI9KQV8	40	50
404.mp4	DD67JLqmCtA	20	30
407.mp4	DMTAv9mw_x8	20	30
409.mp4	DT1CTUruDyQ	160	170
410.mp4	DZ2OJ2BQEos	50	60
411.mp4	DZdhnk9x1MQ	0	10
412.mp4	DZeyWdZ7yxw	380	390
413.mp4	D_tJ83kIq6A	240	250
414.mp4	De_Q__O73q4	30	40
415.mp4	DgbAgPOma_M	30	40
416.mp4	DjATl6PNShw	80	90
417.mp4	DlWZHgSeyoc	30	40
419.mp4	Dpfcb0E126U	30	40
420.mp4	DrpbZM5X_k0	480	490
421.mp4	Dv50x3XXrUs	30	40
422.mp4	DwE0cQ3Xz70	30	40
423.mp4	E7lVUN66HPI	280	290
424.mp4	EBvrflliwvk	40	50
425.mp4	EC3Lxrq_dxQ	50	60
426.mp4	EFtzDWB7Too	260	270
428.mp4	ELC1F7jxkZE	100	110
429.mp4	EN7srKKK9Rg	30	40
432.mp4	EXxDqf6KV0w	30	40
435.mp4	EbJXo7Fw09I	10	20
438.mp4	Ei3sweuvSLE	30	40
439.mp4	EkgIHTwoV2w	6	16
440.mp4	Elq7JR_OQOE	180	190
441.mp4	Em2GJb2DnDE	30	40
442.mp4	EuN2PFzDPmQ	90	100
443.mp4	EwoQIa82vZc	30	40
444.mp4	EwuHWwIpH-Y	30	40
445.mp4	F-Bd-3N8SVw	50	60
446.mp4	F1T2diMbSXI	140	150
447.mp4	F8J19Klc2Eg	20	30
448.mp4	F8oJuNdyi4k	10	20
449.mp4	FAIKjH_cNjQ	160	170
450.mp4	FCWxZwacG1c	30	40
451.mp4	FCzyW85HNGE	17	27
452.mp4	FGJQ3KC-Geo	110	120
453.mp4	FJeQBOfG7p8	60	70
456.mp4	FSmJPdSvZhk	30	40
457.mp4	FU1_O_GJDko	410	420
458.mp4	FVL372sQVG4	50	60
459.mp4	FWDuEvEbw9M	30	40
460.mp4	FWKZtdzCOWU	30	40
461.mp4	Fb3B_kuKHKE	50	60
462.mp4	FbUfifj5GZo	30	40
463.mp4	FeSvAVZXKAA	150	160
465.mp4	FlASw7qL1kY	180	190
466.mp4	Flk4WxLho2U	80	90
467.mp4	FmOBqP7psWU	40	50
468.mp4	FmYQpjfquts	30	40
469.mp4	Fo_4UCB2ZXg	10	20
470.mp4	Fr1qBIIxTDY	0	10
472.mp4	FtGy2uCLm5c	80	90
474.mp4	FwNp3eTUMVo	20	30
475.mp4	G2zC8-a0YJg	30	40
476.mp4	G9dzSp_hGbA	0	10
477.mp4	GAqgkX7isLs	30	40
478.mp4	GD-hZIUFPus	30	40
479.mp4	GGr5RlDlG7U	90	100
480.mp4	GN5Pqfq2SV8	30	40
482.mp4	GP1C6uJdL1g	60	70
483.mp4	GQKUYiyRzTQ	70	80
484.mp4	GS75mzIW5Gc	490	500
485.mp4	GTeMzdJBP9A	30	40
486.mp4	GTkDzl1Q6xQ	10	20
487.mp4	GcB0moY-9ho	30	40
488.mp4	GhXg04KU9Ws	22	32
489.mp4	Gi-Qt6cYeqA	80	90
490.mp4	Gj4I3ApyG_c	180	190
491.mp4	GnY5OpfADgw	290	300
494.mp4	H3MgKzjQdSA	90	100
495.mp4	H5aMRDYp-GQ	0	10
496.mp4	HJxW5SGaPMA	90	100
497.mp4	HNhLJa-cU-Y	90	100
498.mp4	HNvsScpSGFg	10	20
499.mp4	HPYAsDO_ykM	50	60
501.mp4	HQ29pZ4-EKw	10	20
503.mp4	HX_m4fjZIj0	30	40
504.mp4	HZ69dl6yTYM	90	100
505.mp4	HaBBfz0TthI	20	30
506.mp4	Havc0BV1V-s	200	210
507.mp4	HcUouOFqwGE	30	40
508.mp4	Hj5EYl2b91Q	30	40
509.mp4	Hl8zfhcboAc	290	300
511.mp4	Hz1_p1qHTPQ	70	80
512.mp4	HzGFK0fLvxo	300	310
513.mp4	I10MO2EYnzw	30	40
514.mp4	I2TerLINT5I	30	40
515.mp4	IAg2N-wKoXI	120	130
516.mp4	IDvzopNK304	0	10
519.mp4	IPcUggqg4Xw	10	20
520.mp4	IQbMYkGYmos	0	10
521.mp4	IS6aUSfbEuY	10	20
522.mp4	ITMF57JL2KQ	50	60
523.mp4	IWhf8e-AVWo	30	40
524.mp4	I_s_gBzEtCs	190	200
525.mp4	Ibus4pCP4nY	30	40
526.mp4	IeC-pZ3misQ	30	40
527.mp4	Ifw7KvCmBmQ	27	37
528.mp4	IiOj18HpE8E	30	40
529.mp4	Ije0xxBIf-8	30	40
530.mp4	IpzA4CaZT_Q	0	10
531.mp4	IzItEWGGtIM	350	360
532.mp4	IzJtqrr3_4o	30	40
533.mp4	J-1NnfVCO4U	140	150
534.mp4	J2vd6aDUb6g	130	140
535.mp4	JB9NBkA768k	530	540
536.mp4	JBPezyDs1-k	24	34
537.mp4	JC5XE0uh0b0	30	40
538.mp4	JCv61xfuRQA	30	40
539.mp4	JDFIG2ZxaPA	50	60
540.mp4	JF1loyXZL8s	30	40
541.mp4	JHZ8YtyRjS0	330	340
542.mp4	JKdmCnXxlKA	30	40
544.mp4	JUfcJoYWYmo	60	70
545.mp4	JXnKiQ-iReU	30	40
546.mp4	JZjg8JAoTLY	460	470
547.mp4	J_6YpZUoBDQ	50	60
548.mp4	JagdfM4M1ZE	20	30
549.mp4	Jc61s9UsLJA	80	90
550.mp4	Jci_knX9g1I	20	30
552.mp4	JjYzReliwrs	30	40
553.mp4	Jk1fEV2Ih64	50	60
554.mp4	JpMgTjsMLPU	30	40
555.mp4	JqfhG1dFMT4	30	40
559.mp4	Jy6Q6UDiu3s	60	70
560.mp4	K-0o1Eut16U	10	20
561.mp4	K-V369rykrw	0	10
562.mp4	K1tK9UYtYxg	230	240
563.mp4	K1xgVfLdwVg	30	40
564.mp4	K3SfuXPpHoo	30	40
565.mp4	K45C9ghV3UY	80	90
567.mp4	K4EXRw5C4Nc	430	440
568.mp4	K4S_3omKjXE	160	170
569.mp4	K4dSVn0RLGM	20	30
570.mp4	K7CwfLpuwPI	10	20
571.mp4	K8AgDTB12l4	10	20
572.mp4	KBuqNcauF4c	38	48
573.mp4	KHGe6sCJQ34	30	40
574.mp4	KR3JHGSwScQ	10	20
576.mp4	KVMd1zCQaQY	30	40
577.mp4	KXgkl1THwjY	50	60
578.mp4	KarxHsDpwpk	50	60
579.mp4	KcRmfJn09bo	120	130
580.mp4	KdDociD4Il8	200	210
581.mp4	KmEQa1bPzl0	30	40
582.mp4	Kn7iW0Pj9PA	40	50
583.mp4	KngzG6qgxkA	50	60
584.mp4	KpcEcWJknBs	30	40
585.mp4	L-fTE7PLSic	20	30
586.mp4	L0I3Au3rnfM	30	40
587.mp4	L1dKnUucBdI	0	10
588.mp4	L3tIhWjW6vI	0	10
590.mp4	L4wQuGSI30s	80	90
591.mp4	L8iOrkk4dHI	60	70
592.mp4	L9bY51Er3hk	30	40
593.mp4	LHCCOsCIGSc	10	20
594.mp4	LIwpkjgni7I	40	50
596.mp4	LOTibagId-E	30	40
597.mp4	LTcGCWM7u10	520	530
598.mp4	LX-7XM35PCE	90	100
599.mp4	LXkUfPG3jKo	340	350
600.mp4	LYadFGHyPow	350	360
601.mp4	LZ6oDntUV2c	40	50
603.mp4	Lc_F4xsnUWY	10	20
604.mp4	Lf0WhS_1wwQ	270	280
605.mp4	LhUr6xCmYHQ	110	120
606.mp4	LrWwi0-wcrg	30	40
607.mp4	Lsp9WWuPEfw	50	60
608.mp4	LtbfZJFJZgc	20	30
609.mp4	LtoXgY38SzI	30	40
610.mp4	LtqXpk2YGls	10	20
611.mp4	M1KvQp2NUq0	120	130
612.mp4	M9mBJmt4EXs	10	20
613.mp4	MAWxGLr3OIM	390	400
614.mp4	MBXb4BtDU5U	170	180
616.mp4	MF-hU9pTVro	10	20
617.mp4	MFPSrq76PM8	50	60
618.mp4	MH_8zAWvbgM	20	30
619.mp4	MHsRa_x7fpA	29	39
620.mp4	ML6xJBRSsPw	230	240
621.mp4	MNUX6LCrVpg	30	40
622.mp4	MQa8rj-y4rM	300	310
623.mp4	MQtoz5DX0pw	0	10
624.mp4	MVx1lq1COng	170	180
625.mp4	MXl-E_bUFO8	340	350
626.mp4	MYJsdJqCSVo	30	40
628.mp4	MaWOmkbvb4g	470	480
631.mp4	Mhl1KBik5EI	30	40
632.mp4	Msh94MTYC6A	290	300
633.mp4	N4sW3gpEzfU	70	80
634.mp4	N8GeXBvT3xc	30	40
635.mp4	N8vVPdo7CJU	290	300
636.mp4	NBONmkNn8e8	80	90
639.mp4	NNOR-uEoFTA	100	110
640.mp4	NRlDEWb3kdY	70	80
642.mp4	NWG1AQtapqg	170	180
643.mp4	NWvcseyTR0U	70	80
645.mp4	NalrpkD5DW8	80	90
646.mp4	NbR1RNT0x84	10	20
647.mp4	NbwgLBhsHnU	0	10
648.mp4	Nc7F6FweQwI	30	40
650.mp4	Ndgcvhn65rY	50	60
651.mp4	Ng11fsHykCE	90	100
652.mp4	Nszf2gBWruU	30	40
653.mp4	O--tLth7Yp8	30	40
654.mp4	O03Xg6CiGkI	160	170
655.mp4	O3U_6IBaDmQ	410	420
656.mp4	O4jTK4cqsqY	30	40
657.mp4	OAUaBPCguHY	90	100
658.mp4	OD_Evkuomrc	0	10
659.mp4	OEpL4gA0ze4	70	80
660.mp4	OHAgRsCuRJQ	240	250
661.mp4	OIDsUOv17bY	30	40
664.mp4	OQWTCyZFZQ0	240	250
665.mp4	OQo68V7DF0o	110	120
666.mp4	OR5u7RDEwto	30	40
667.mp4	ORrepO9EwxI	100	110
668.mp4	OS75pMCauNQ	90	100
669.mp4	OUOp8Ynf_as	100	110
672.mp4	OZk7zLHtTfU	120	130
674.mp4	OdL5_v9ilJ0	30	40
675.mp4	OdOIHGWEsqg	30	40
676.mp4	Odf3ZqkNx3A	30	40
677.mp4	Of6Yhq0dirE	100	110
678.mp4	Oix_l1SQlj8	20	30
679.mp4	Oj-ZhnCb244	87	97
681.mp4	Ow2ooQlgGV4	420	430
682.mp4	Ox32JwD3kxg	10	20
683.mp4	OytW_Wbwd7E	190	200
684.mp4	OzlperRLFdg	20	30
685.mp4	P-UI-VAh0UI	0	10
686.mp4	P1ralSTeajk	220	230
687.mp4	P2cC4rFXr_4	30	40
688.mp4	P4WwQ4-SQN4	28	38
689.mp4	P9w08Uj1xGI	30	40
690.mp4	P9wwKkltOqo	30	40
691.mp4	PGPgBu0yYfo	30	40
692.mp4	PMseEKzkQho	70	80
693.mp4	PNCo2MIJ6MA	30	40
694.mp4	PPrvYk7id7c	30	40
695.mp4	PURNt0pI8kM	30	40
696.mp4	PV5l8NUMXBU	120	130
698.mp4	PXAqyPrlkYI	140	150
700.mp4	PboIASxaflM	10	20
701.mp4	Pc6d7q9UGpE	150	160
702.mp4	Pf2gwK-OzlY	0	10
703.mp4	PgojrXxAeLo	350	360
704.mp4	PiDXnLvQIDg	60	70
705.mp4	PjzVn7H0dsE	30	40
706.mp4	Pq1yTW0rXQA	10	20
707.mp4	PqPbDwuLHCE	50	60
709.mp4	PyU2-JLFf5w	190	200
710.mp4	Q-j7h0fr7VU	0	10
711.mp4	Q2vZ0xs7h2E	80	90
712.mp4	Q4X3Nk41WVQ	30	40
714.mp4	QAMWpTKQeJM	130	140
715.mp4	QCvdVm3gDCo	240	250
716.mp4	QDrdcj-391I	10	20
718.mp4	QRjb73UBNe4	0	10
720.mp4	QSoBNcHvtwI	230	240
722.mp4	QWP_dKt49WE	30	40
723.mp4	QWvYwKEAEOE	0	10
724.mp4	Q_FWjRJ3AyI	60	70
725.mp4	Q_kZuYq50-k	40	50
726.mp4	QauiXuF0ac8	120	130
727.mp4	Qb0LUJzJf64	120	130
728.mp4	QgoqhLqaXGA	530	540
730.mp4	QiRy_Gxyf78	40	50
731.mp4	Qiv1-j3evd4	230	240
732.mp4	QjzBMyHQUiA	30	40
733.mp4	QkGrdUWsq8k	30	40
734.mp4	QkMoG1WaTHQ	40	50
735.mp4	QkQQqRRK4MA	230	240
738.mp4	R1Ydodex5Us	340	350
739.mp4	R3uoQk71wH4	30	40
740.mp4	R3urAFIoKzQ	0	10
741.mp4	R6485ssu6HI	150	160
742.mp4	R9PDeAPNRMg	200	210
743.mp4	RDPUd3gWO6Q	30	40
744.mp4	REWGUzfTvc4	10	20
745.mp4	RIlsjOn1gFE	90	100
747.mp4	RclHxXNlzUY	20	30
748.mp4	RdgS91QrpaU	100	110
749.mp4	RdoxQoiKrek	210	220
750.mp4	RlOzRdX05xg	120	130
754.mp4	S45cdr4x-mc	80	90
755.mp4	S6iSLsKnX5A	70	80
756.mp4	S6vU-m0kO14	20	30
757.mp4	S71IOxk9pyI	30	40
758.mp4	SBU8bSGWnlY	130	140
759.mp4	SB__hc4PB6s	110	120
760.mp4	SCcNLeTVodQ	30	40
761.mp4	SDNG7SKNUm8	50	60
762.mp4	SEJVNN-6nBU	22	32
763.mp4	SEoEAq9ZiYY	30	40
765.mp4	SJ5Ztt0l3sk	30	40
766.mp4	SJTqc4w2bt0	90	100
767.mp4	SMKCFYD7OMI	30	40
768.mp4	SR8JlAXuB4w	40	50
769.mp4	SStX4QI9MSI	30	40
770.mp4	STyaGr0aAyU	560	570
771.mp4	ScU8RRYu5jY	30	40
772.mp4	Sgz14NX2vaU	210	220
773.mp4	Sh0o8h61Xe8	20	30
774.mp4	SirSDqaAj68	20	30
775.mp4	SpfweUT6h0g	310	320
776.mp4	SzVhTvU4FCE	110	120
777.mp4	T-YF1Hq5skk	30	40
778.mp4	T-rmJ7Q4wKA	30	40
779.mp4	T1fdtu0NdWI	390	400
780.mp4	T2BgeYHFyBw	280	290
781.mp4	T9nk8uwdJyw	150	160
782.mp4	TBtXmRHFZrE	30	40
783.mp4	TFBHQc4COYQ	160	170
784.mp4	TL3XUlDy1mA	20	30
785.mp4	TNy6bYvSbd4	30	40
786.mp4	TQ8ZSYWGcTY	10	20
787.mp4	TRd3PEbDY_I	10	20
788.mp4	TSEtz2I0_cM	10	20
790.mp4	TWd58LpF4T8	20	30
791.mp4	T_XR-BXYfnU	50	60
792.mp4	Ta7drLVWUls	0	10
793.mp4	Ta__Ev0mkBk	30	40
794.mp4	Tb1tvTSRD9M	0	10
795.mp4	TbmhIZEX6XA	110	120
796.mp4	TdMyGh_Yr_s	100	110
797.mp4	TeDqdC16Wn0	30	40
798.mp4	Th6ppQ7e2YU	30	40
799.mp4	TiNWKPblpIM	30	40
800.mp4	TjKO55TZ0JE	30	40
801.mp4	Tjc6ogDdeTM	0	10
803.mp4	TkpRorcLW38	10	20
804.mp4	TksHxfSHuc4	30	40
806.mp4	TlnQnFFX_4g	30	40
807.mp4	TmxbH4wC2Vk	240	250
808.mp4	Tn5XgcQrkcI	20	30
809.mp4	TpPomddqXuY	230	240
810.mp4	TpyDyZ7Phvc	30	40
811.mp4	Ty9gOqMBMvM	120	130
812.mp4	U2fx3wsK1no	0	10
813.mp4	U3COtQZORMU	20	30
815.mp4	U3t6IKbOLiA	110	120
817.mp4	UBGYGsmQWRY	390	400
818.mp4	UE4d7DxV1zE	30	40
819.mp4	UJ12Y9bZFdM	230	240
820.mp4	UK0L90SyV10	10	20
821.mp4	UKl7jiJDMc8	10	20
822.mp4	UNhZM1m5dqE	330	340
823.mp4	UOrCn0InJl8	459	469
825.mp4	UZeeXVpSv6g	0	10
826.mp4	UeNi3cp1kiA	30	40
827.mp4	UhWdhsipTuI	30	40
828.mp4	Ul796E59yW0	30	40
829.mp4	Ulz1urzNY7s	30	40
830.mp4	UneY1KKuxYo	260	270
832.mp4	Us3_RseJ5x0	520	530
833.mp4	UxQQmVCyZdc	380	390
834.mp4	UyIaN9KUK-E	60	70
835.mp4	UzVdhAgXc2Q	30	40
836.mp4	V2MEre4wQwc	220	230
837.mp4	V5kvi4Rzxsw	360	370
839.mp4	V9IeUO1TCoA	30	40
841.mp4	VBJr3r1DhU8	60	70
846.mp4	VJA1lcYNQEY	30	40
847.mp4	VKwVxK0ZynE	60	70
848.mp4	VNqRPrdUWfo	30	40
851.mp4	VUJieBrG_vs	90	100
852.mp4	VUuS_5L1vkw	90	100
854.mp4	VaGwYIZA5mk	160	170
855.mp4	VdiukDA1Fa8	30	40
856.mp4	VenqbzGOwvU	310	320
858.mp4	VnbMEKHS7-M	30	40
859.mp4	Vr0LmO4OBPk	40	50
860.mp4	VslCSAbZvJk	0	10
861.mp4	Vv4fHLa-Wik	310	320
862.mp4	VwaCc0eGBH8	40	50
863.mp4	Vwfzey2Fwq4	140	150
864.mp4	VzHbC9yEfwg	30	40
866.mp4	W312cDoUweA	10	20
867.mp4	W430D2PxXXY	160	170
868.mp4	W7MNwPlhxbk	160	170
869.mp4	W8EBIe2x3FQ	5	15
871.mp4	WDUxkEqeXAQ	30	40
872.mp4	WFuHJ0Y-_nQ	590	600
873.mp4	WHzUPzWkST0	90	100
874.mp4	WKqWPXLn1SI	30	40
875.mp4	WLKFP35ej5M	260	270
876.mp4	WQXVBNYtRBI	50	60
877.mp4	WRdF3NCz9RM	140	150
878.mp4	WY-24kHXjKM	30	40
879.mp4	W_uN2FruwHc	30	40
880.mp4	Web5Z6VweSY	410	420
883.mp4	WlAbMQdJYqc	40	50
884.mp4	WlnGSkKs5pA	90	100
886.mp4	Wsek1KSP6sY	250	260
887.mp4	WtsLE9Wy6wk	20	30
889.mp4	X64SGrIkqTQ	140	150
890.mp4	X7Rrasb2QEM	110	120
892.mp4	XGDZc4LV1p4	30	40
893.mp4	XJ8jgH-7VvE	10	20
894.mp4	XJSRthb6Fsw	30	40
895.mp4	XK89yCwLvu4	150	160
896.mp4	XLn8XrQ5vaQ	30	40
897.mp4	XPI43woe3Os	20	30
898.mp4	XSJzshsMz30	30	40
899.mp4	XXEbReiK4rQ	50	60
900.mp4	XXWhLO1IsHc	30	40
901.mp4	XZ7Mf7GMkko	10	20
902.mp4	XZb_KCgzAKI	130	140
903.mp4	XZkmrbZ8E-0	60	70
904.mp4	XZvmRvqsk0I	40	50
906.mp4	XbvzRNwtVSc	20	30
907.mp4	XhMPgL52zqM	50	60
908.mp4	Xm4u2s8poGw	60	70
910.mp4	Xpk7zsAc4Wg	80	90
911.mp4	XuP6Ynfvphc	40	50
912.mp4	Y4JfR36zPi4	130	140
913.mp4	YFjSFVUM7y4	30	40
914.mp4	YGXmjXrshDg	300	310
915.mp4	YK1QgnqjZ9M	30	40
916.mp4	YKS7f_jbAD0	60	70
917.mp4	YN-H7hCCGuw	110	120
918.mp4	YN0lxyXW6bE	20	30
919.mp4	YSCIL6oHWs8	110	120
920.mp4	YSKTKvsksr8	60	70
921.mp4	YUnPXGiIGf8	120	130
922.mp4	YcN8128Aglw	30	40
923.mp4	Ycm17vExq_Y	30	40
924.mp4	YdBib3p2tLE	30	40
925.mp4	Yf-XSqHz148	300	310
926.mp4	YkMl2MwZ7oE	18	28
928.mp4	Yrh5x6Vl64c	70	80
929.mp4	YvnbgvXrn40	30	40
930.mp4	YzoNc-DFxyQ	30	40
931.mp4	Z1ofRtPkGlw	70	80
932.mp4	Z4MvaT1AYss	110	120
933.mp4	Z7PxJ-AmV6I	10	20
934.mp4	Z8QctoK671Y	0	10
936.mp4	ZAw25udrgc4	220	230
937.mp4	ZDOojZ7yre4	180	190
938.mp4	ZE6_E8CQ24c	20	30
939.mp4	ZFfTfUWPwhY	60	70
940.mp4	ZGWe3XU4t4Y	0	10
941.mp4	ZH8T-vYx7c8	30	40
942.mp4	ZI60bV9pf0E	90	100
943.mp4	ZJ5sOI4NgjY	90	100
944.mp4	ZPJANiTXuqk	39	49
945.mp4	ZQykT3D3lU4	30	40
946.mp4	ZUo0XMQ68AA	120	130
947.mp4	ZglW6_cdXMc	50	60
948.mp4	ZlTttYgo8GI	30	40
949.mp4	Zlh-uLC-k6M	10	20
950.mp4	Zo_I9C096hk	110	120
951.mp4	Zp15qBo47Qk	320	330
952.mp4	ZqmCvcsPOH0	30	40
953.mp4	ZrOnmXSpGzs	0	10
954.mp4	Zs1NK7I5zzk	390	400
955.mp4	ZsEIYULKCZ0	20	30
956.mp4	ZxWByp20hls	30	40
957.mp4	Zxvr4J3n4K0	520	530
959.mp4	_6xbRDLFOEk	30	40
960.mp4	_9IyqbNkaoU	320	330
961.mp4	_AWLuFBcPeQ	40	50
962.mp4	_CAakKtIb48	23	33
963.mp4	_M6zwxl2NNI	190	200
964.mp4	_M86i25A4U4	70	80
965.mp4	_NxHV6nZla0	70	80
966.mp4	_SDmvgQWnp8	120	130
967.mp4	_UJuZGms74M	70	80
969.mp4	_Xzok7LYUBs	100	110
970.mp4	_Y7fnMf9oUg	130	140
971.mp4	_d3Av_Hdang	30	40
972.mp4	_fNnM9pr1kM	550	560
973.mp4	_if557QC-zE	30	40
974.mp4	_knj_9JEm-U	0	10
975.mp4	_nlx8tRr3r0	350	360
977.mp4	_sA56nnkAjk	30	40
978.mp4	_vqSF8Xi_-s	30	40
979.mp4	_yRFAw-sQ0s	150	160
980.mp4	a-WQKCe9tKk	280	290
982.mp4	a0ns-MykL1Y	30	40
987.mp4	aDXai2j982Q	50	60
989.mp4	aJstpH-lYSk	30	40
992.mp4	aQtUu15cZlA	520	530
1000.mp4	aot7YglzX3k	30	40
1001.mp4	aqhELp8-o_c	260	270
1002.mp4	axr1fuHMcmA	390	400
1005.mp4	b42EJ0iPKIU	30	40
1006.mp4	b55EUpsB6oA	70	80
1007.mp4	bCOr9pgRZn4	100	110
1008.mp4	bFKzQdEufUg	40	50
1009.mp4	bFXab6nAlUM	20	30
1010.mp4	bGDPImSNZVM	30	40
1011.mp4	bHeV-v7brLo	10	20
1013.mp4	bPtI8ajtFJM	18	28
1014.mp4	bRuJev7JLxA	100	110
1015.mp4	bSkazz-wGQc	70	80
1016.mp4	bUiMboOP2Os	230	240
1017.mp4	bWoqHajtbZc	90	100
1018.mp4	bX3wul2OQKY	20	30
1019.mp4	bZlcDUxxk9A	40	50
1020.mp4	baiCM1NKMyc	40	50
1023.mp4	bhOWXjQ12qM	10	20
1025.mp4	bp7aAhJBGp0	260	270
1026.mp4	bpjXesdmWJ4	150	160
1027.mp4	bpz9VbZcEbk	280	290
1028.mp4	bsZjGFuu5BQ	50	60
1030.mp4	byKyS1Ifq2Q	120	130
1031.mp4	bzkle-2peYQ	70	80
1032.mp4	c0KIvLfO5GM	10	20
1033.mp4	c2kAy1kOqjI	110	120
1034.mp4	c32m3x0qIEo	280	290
1036.mp4	c5GQ1w5Iq2o	40	50
1037.mp4	c9xa5zorYWo	10	20
1038.mp4	cA7XWdlNU60	40	50
1039.mp4	cBmw9WWJOms	20	30
1040.mp4	cEUlRS0SJ0g	280	290
1041.mp4	cFmYyG9gFFI	40	50
1043.mp4	cJRviXZkA3E	10	20
1044.mp4	cJxmZX4rcFM	30	40
1045.mp4	cLddM8Al17A	10	20
1046.mp4	cN5IsXBc59w	30	40
1047.mp4	cP4fdRaFr0Y	40	50
1049.mp4	cPlazgXFzCo	220	230
1052.mp4	cSQd8vVgaAo	20	30
1053.mp4	cSdwnAQKZ80	10	20
1055.mp4	cWQevv2VRY8	30	40
1057.mp4	cf21xOlwAhc	30	40
1058.mp4	cg9zHGAumM0	10	20
1059.mp4	cjT02r-r9YM	120	130
1062.mp4	clqpHTYJ3Bw	70	80
1063.mp4	coqQX63fUdU	30	40
1064.mp4	cpUQHj8AzIU	420	430
1065.mp4	cpi7EX2B4gg	20	30
1066.mp4	cqtb_KAeIZw	40	50
1067.mp4	crapyE4c6ow	0	10
1069.mp4	cuy9d0O0EUE	30	40
1070.mp4	cxh2uD56xRU	30	40
1071.mp4	cxxdtof84gw	50	60
1072.mp4	d1CYduzNxdo	10	20
1074.mp4	d51wpml80f4	90	100
1076.mp4	d8Le-Q7HBkw	160	170
1077.mp4	d8quFTEpFHA	20	30
1078.mp4	d9QM-2K9jPA	560	570
1079.mp4	dBcNYMw3CKY	30	40
1081.mp4	dL8hjIHxQ3Y	10	20
1083.mp4	dOQCPeT0IU8	80	90
1084.mp4	dTLV0Mv6N9M	0	10
1085.mp4	dV5JdImsg44	10	20
1086.mp4	dWgMWbr2eJs	120	130
1087.mp4	dY-f4c9pECQ	310	320
1089.mp4	dbtKOEXEWcU	190	200
1091.mp4	dem8ht4oN90	290	300
1092.mp4	dfWuB2RYMdw	90	100
1095.mp4	dky6_4_dwbg	90	100
1096.mp4	dmF3SEgOqC4	210	220
1097.mp4	dn60AwYbB3E	50	60
1098.mp4	dqvqNEjnqlM	20	30
1102.mp4	duzpidPK6zI	160	170
1103.mp4	e2f7EHpz5KQ	30	40
1104.mp4	e72c6GHLm0U	30	40
1105.mp4	e7bfiYWI0c0	0	10
1106.mp4	e7tCwEFuNzY	10	20
1107.mp4	eAnnyQjFWzY	410	420
1109.mp4	eFz53uW6Fho	130	140
1110.mp4	eHAziqYEm3k	30	40
1111.mp4	eHPMLzilElU	40	50
1114.mp4	ePV7OSSJZRw	40	50
1115.mp4	eR9XEhsi4JY	22	32
1116.mp4	eRJ6xnoAOwQ	80	90
1117.mp4	egEzRmtKZ4A	70	80
1118.mp4	ejGPVGxjWBQ	0	9
1120.mp4	ez3rWlm8AcM	5	15
1121.mp4	f3JAR3QanXU	120	130
1123.mp4	f6I01hYriF0	30	40
1125.mp4	f9VihCkmrvE	30	40
1126.mp4	fAdEurUC41w	230	240
1128.mp4	fF9xCdJjQC0	140	150
1129.mp4	fFahP-1uFwc	60	70
1130.mp4	fFarEL2vmJE	0	10
1131.mp4	fFoYjqavGVU	70	80
1132.mp4	fLzo66H78EQ	10	20
1133.mp4	fMSX20utRHI	60	70
1134.mp4	fO250kjXV7U	0	10
1138.mp4	fYpJldeYjOw	50	60
1139.mp4	fZPf86wPZiQ	0	10
1140.mp4	f_zu6ECXTM8	240	250
1142.mp4	fcbknNzzlLU	170	180
1144.mp4	fiUK67T6LQs	30	40
1146.mp4	flhw_mApAx4	250	260
1147.mp4	fp8O56_p-3A	80	90
1148.mp4	fqlWLNe5HlQ	0	10
1151.mp4	g-bVhamxKdA	30	40
1152.mp4	g6HeHbT3l1w	100	110
1153.mp4	g98GoeDHVxY	50	60
1154.mp4	g9T21WTpRrU	40	50
1156.mp4	gJ_TFW6PHs4	30	40
1157.mp4	gKgoLmlXXf8	20	30
1158.mp4	gMWUVX8bJc0	0	10
1159.mp4	gMYK6KGoDxw	180	190
1160.mp4	gNUTCDZUvS4	70	80
1162.mp4	gUBVlNbf1Ig	20	30
1163.mp4	gcxXa6_t3A0	200	210
1165.mp4	ggJRLJXAJBg	220	230
1166.mp4	gkyKnkcu8pY	30	40
1167.mp4	gleOl2VMbOY	100	110
1171.mp4	gyR9ElSyem0	30	40
1172.mp4	gym6nQIAIeY	70	80
1175.mp4	h8DapTVCTLI	30	40
1176.mp4	h9Y9kStdlFs	30	40
1177.mp4	h9tt7BX9qeQ	80	90
1178.mp4	hA-xWwrOHnw	30	40
1179.mp4	hHfxDC2AlHQ	30	40
1180.mp4	hJLFdahejCU	150	160
1181.mp4	hL5PhqPfbCM	370	380
1183.mp4	hQ85g1lQFzs	30	40
1184.mp4	hR9msDWXP4w	30	40
1186.mp4	hXR3ZOPlRys	100	110
1187.mp4	hXhv4Zo4SMw	50	60
1188.mp4	hYORIB3AezU	10	20
1189.mp4	ha-OmKS4W5I	30	40
1190.mp4	hduh8Tu4P8E	70	80
1191.mp4	hiUE_Q2RclA	10	20
1192.mp4	hlF5Cyqpz7Y	300	310
1193.mp4	hq9lXxVWmeY	10	20
1194.mp4	hsYMpQr7M2U	200	210
1195.mp4	hsx5FsH9CO4	30	40
1197.mp4	i10JPKjqZjw	130	140
1198.mp4	i2XqpijonqI	80	90
1200.mp4	i4bYH3rTggk	330	340
1201.mp4	i7YPBrOCSzU	50	60
1203.mp4	iAJxQgCYkZQ	70	80
1204.mp4	iB0odyAHO1U	30	40
1205.mp4	iBQkJ1FUmyE	70	80
1206.mp4	iMXzZuH40Yo	30	40
1209.mp4	iVu1M8S1UEA	30	40
1211.mp4	iZ5sccRT-Hc	70	80
1212.mp4	ib9YhxsqMTc	370	380
1213.mp4	ibR-UX91f5Y	400	410
1215.mp4	iev9cTUfUKo	110	120
1217.mp4	imaWlPW-Oe8	30	40
1219.mp4	ir3ipI5k1kI	30	40
1224.mp4	j3ghRXNKQXM	24	34
1225.mp4	j4QrlpOCm2k	30	40
1226.mp4	j5G7AVtFYFs	0	10
1227.mp4	j7nuBCwNXws	70	80
1228.mp4	jABrAuCgsiA	20	30
1230.mp4	jCbthYgJzW4	30	40
1231.mp4	jEHpshgvNO0	30	40
1233.mp4	jHwhsVUY6kA	70	80
1234.mp4	jJT-eIq5dhA	220	230
1236.mp4	jNoXVTje_Hw	150	160
1237.mp4	jPZMmbeOo-E	30	40
1238.mp4	jSCzPxHOfRI	30	40
1240.mp4	jar-31Z2hs0	80	90
1241.mp4	jh-Df2jUiSk	0	10
1243.mp4	jl-PjqsPV4U	20	30
1245.mp4	jt9LSO_nBFg	400	410
1247.mp4	k0eMAMGOo0g	450	460
1248.mp4	k5cqd6j1v3Q	40	50
1249.mp4	kBIe4oUOOBs	560	570
1251.mp4	kCYMnkqTkQ8	30	40
1252.mp4	kCyfWvuj4Qo	30	40
1253.mp4	kDrgmSAGf1U	30	40
1254.mp4	kGfvNPk_h6M	50	60
1256.mp4	kRA2px3WWDQ	60	70
1257.mp4	kVU_fBXLZj4	30	40
1258.mp4	kWe_OfaelxU	30	40
1260.mp4	kc69Wb23in4	100	110
1264.mp4	khs59nqwqM8	30	40
1265.mp4	kkvSTvjpgxc	460	470
1266.mp4	koP0d6u5eUI	30	40
1269.mp4	krDkb0CibSY	220	230
1270.mp4	kvp2CAwJme8	30	40
1271.mp4	kwX2iVscUmI	480	490
1272.mp4	kxN7FlhhkEU	210	220
1274.mp4	kySRKeg7J8c	30	40
1275.mp4	l1UTl1jD-mk	100	110
1277.mp4	l6L1uGnanow	320	330
1279.mp4	lAUFIDB9OVI	20	30
1280.mp4	lCLxSs3X3dY	130	140
1281.mp4	lEhW4SSK980	20	30
1282.mp4	lGS-wJI23o8	30	40
1284.mp4	lOdrlus0GNI	30	40
1285.mp4	lPSYKjQuaxQ	420	430
1286.mp4	lPbwsW5pvQQ	30	40
1287.mp4	lRCal6f_fWY	30	40
1289.mp4	lXR3OY7IR7s	40	50
1290.mp4	lZEigCNUq-g	50	60
1291.mp4	lieV4tZybdI	10	20
1292.mp4	lkUHvt0tpnE	40	50
1295.mp4	lvXZIJHy8UY	220	230
1297.mp4	lzGk9jzg8G8	30	40
1299.mp4	m2n1fNT5BwY	160	170
1301.mp4	m3FPQl_UUuE	90	100
1302.mp4	m7F5SsuqzAk	40	50
1303.mp4	m9caDFvU-9Q	190	200
1304.mp4	mDYEkvh0iNM	120	130
1306.mp4	mOKmK7naCoo	310	320
1308.mp4	mSudMBS3uBI	580	590
1309.mp4	mVEyOgp6Erw	410	420
1312.mp4	meNpef3uSvE	220	230
1313.mp4	mfoCapSN-AE	220	230
1315.mp4	mk67RcMHbCU	100	110
1316.mp4	mnfToxaQAgc	270	280
1317.mp4	mpprLhl7YO8	60	70
1318.mp4	mqJeLALpWYk	41	51
1320.mp4	mwT9wetOYVY	100	110
1321.mp4	n4ntzPRhSLk	30	40
1322.mp4	n5VcSvjqXro	50	60
1323.mp4	n6qOFBy8zow	40	50
1325.mp4	n7zIXeub7V4	10	20
1326.mp4	nAvkm46koE4	30	40
1327.mp4	nBMARz4UPNU	70	80
1328.mp4	nCKcRPU0DS0	12	22
1331.mp4	nKBKSOhpRBw	80	90
1332.mp4	nLOdT7QWqyE	170	180
1333.mp4	nQnBDsgpzpo	110	120
1334.mp4	nRHNKbNRLKQ	40	50
1335.mp4	nRnUuLxcNxc	20	30
1336.mp4	nT7G-vyhOf0	0	10
1337.mp4	nWbsJOxO-34	80	90
1338.mp4	nXXqpJIlV3U	50	60
1339.mp4	nYv-5386TOI	22	32
1340.mp4	nZOVXWELh-A	200	210
1341.mp4	n_y0-AaL450	160	170
1346.mp4	nl6pPIBMm0Q	9	19
1347.mp4	nmEOKw-lZ9g	120	130
1351.mp4	o4_pmLyZUlQ	30	40
1352.mp4	o5ZdLHiRRdc	30	40
1354.mp4	oB9Ni8g62tI	0	10
1355.mp4	oEDXQ_hRqZQ	400	410
1356.mp4	oFpD7Ik6Qe0	0	10
1357.mp4	oJqhZzBOFIY	0	10
1358.mp4	oMQ9TWj59Qs	30	40
1361.mp4	oVxKyGnz-IA	230	240
1363.mp4	oaVxtGFxpa4	110	120
1364.mp4	oeJG2N5LnXo	100	110
1366.mp4	okCgcamRpcM	6	16
1367.mp4	okeFT65Xm4s	310	320
1368.mp4	oku0-HByjpo	60	70
1370.mp4	ouIc3cjm3_o	10	20
1373.mp4	oy36R89qo3A	30	40
1374.mp4	p6C0ZGTj1Qw	20	30
1375.mp4	p9IGQ-m88JQ	20	30
1379.mp4	pG6dUtBD_rU	30	40
1380.mp4	pGHx9QrmvyQ	30	40
1382.mp4	pIyy6hbwIpU	50	60
1384.mp4	pLrjkMpkmu8	30	40
1385.mp4	pPbaKEYpP-4	80	90
1395.mp4	phzqBd-jikY	330	340
1396.mp4	pmkMenGFcMA	30	40
1398.mp4	pryo_yCN85A	260	270
1399.mp4	puT550aEFEw	110	120
1401.mp4	pxnedGbDsOw	10	20
1403.mp4	q3N3D6IcK1g	580	590
1405.mp4	qCXIwrA2qfQ	160	170
1407.mp4	qG2f5krIFX8	40	50
1408.mp4	qMU1l6N94qI	100	110
1409.mp4	qQ_yc3qWeGs	200	210
1410.mp4	qQuqw2eH-w4	260	270
1411.mp4	qRU7kcB_3nU	70	80
1412.mp4	qSJR9TUpg5g	11	21
1414.mp4	qYheL8MEBVE	40	50
1415.mp4	qZBlB0piIh4	80	90
1418.mp4	qfrycRUIf4k	0	10
1419.mp4	qjGXb6b-jnE	390	400
1421.mp4	qtRSll0iLIE	40	50
1422.mp4	qtecrZQOK7k	30	40
1423.mp4	qy6GRPZsSTI	490	500
1424.mp4	r3gV606C_Gs	170	180
1426.mp4	r6apJJotECU	0	10
1427.mp4	rFzpQOvmGSQ	350	360
1428.mp4	rHPu_nYdm8E	10	20
1429.mp4	rKMhdUOhwgE	50	60
1431.mp4	rPVeVZm6y1s	80	90
1433.mp4	rTKuABX5LJ4	260	270
1435.mp4	rVy0jvU9M38	20	30
1436.mp4	rb4UrhNo8dY	40	50
1437.mp4	redSkbpiRMk	30	40
1438.mp4	rhGSqHtz_C4	30	40
1439.mp4	riokFEd3nZY	10	20
1440.mp4	rl9YHu9ta20	180	190
1441.mp4	rpC_G4T0bqk	30	40
1442.mp4	rtSavMYID74	70	80
1446.mp4	sBUgK_OlseQ	30	40
1447.mp4	sCzno8FeYWA	40	50
1448.mp4	sHvHGOfdJLQ	180	190
1449.mp4	sJaCusfm3F0	30	40
1450.mp4	sMyKvyECN0U	60	70
1451.mp4	sPkHFXlUZRc	50	60
1452.mp4	sTqq7RLfLfE	0	10
1454.mp4	sjw9-Ktitdg	170	180
1455.mp4	snlHJ9SOY0I	100	110
1456.mp4	sopItEUX7XM	100	110
1459.mp4	sw0DghKGosc	70	80
1460.mp4	t0yNBh2BSSw	20	30
1462.mp4	t7KqxsduyhU	0	10
1463.mp4	t9sT0dEnCL0	60	70
1464.mp4	tAS2kYle19I	10	20
1465.mp4	tBSEdX6EVbg	10	20
1467.mp4	tNplLyCIzG0	80	90
1468.mp4	tSiYUIxgYzg	30	40
1469.mp4	tVvyRwf8Huk	70	80
1470.mp4	tWUnbRo__ZY	110	120
1473.mp4	tZUBvalpY_k	0	10
1474.mp4	t_R09kzuKSc	10	20
1476.mp4	tbMOQfDIDYs	10	20
1477.mp4	tcRPK1MgUIA	140	150
1479.mp4	tgxXbesmx9k	30	40
1480.mp4	tptRRiuT6B8	80	90
1482.mp4	ttsVYFpBAPA	50	60
1483.mp4	tvOh3krEQ6w	30	40
1484.mp4	tz022wPsFTw	155	165
1485.mp4	u0PawSuuRa8	30	40
1487.mp4	uAkFnHNa1ZY	300	310
1491.mp4	uGfJYGv-zuo	30	40
1492.mp4	uLHemetsEJw	10	20
1493.mp4	uMm0x2pJ5Pk	60	70
1494.mp4	uPw0ZsC8siE	20	30
1496.mp4	uUlzcQs5j_A	30	40
1497.mp4	u_4yX6bZ5I4	50	60
1498.mp4	ucNVID3YAZA	210	220
1500.mp4	uz4CxHQDPQs	50	60
1501.mp4	vBqPbz5Pg-M	30	40
1502.mp4	vIC0zIJv3Nc	0	10
1503.mp4	vINbWMS_1Cg	30	40
1504.mp4	vJy55Ih_dc8	160	170
1505.mp4	vRa8ncJ-Zrw	230	240
1506.mp4	vT8IZouxits	30	40
1507.mp4	vTeaBQiv_S8	50	60
1509.mp4	vXOh_yKTW88	60	70
1510.mp4	vZBYwYgZcU8	30	40
1514.mp4	vku_ludZYHc	27	37
1516.mp4	vqYSCdBE0wA	210	220
1517.mp4	vqdiwr-haOY	40	50
1518.mp4	vu_BDb65JNQ	30	40
1521.mp4	w2-p4RMM1vk	110	120
1522.mp4	w2tSQfPV4b0	10	20
1523.mp4	w5QXZirgaME	120	130
1526.mp4	wE1Y12sIk20	40	50
1527.mp4	wEssv0oo3sc	260	270
1528.mp4	wI5H4VaayFs	10	20
1529.mp4	wI8Qs7C-JvA	30	40
1530.mp4	wKN5sTG49lw	50	60
1531.mp4	wNcse5LxzU4	60	70
1533.mp4	wP_sXTeyD8o	200	210
1534.mp4	wRobtQQimf8	30	40
1535.mp4	wSlNtD8Z6c8	30	40
1536.mp4	wVrHCPvgWj0	130	140
1537.mp4	wZMb8oNIF2U	420	430
1538.mp4	wZr_M1dUsFw	30	40
1540.mp4	wmkeiI33Ab4	280	290
1541.mp4	wntvAwlrtWA	30	40
1542.mp4	wpe_k9HCajc	10	20
1543.mp4	x3pgFamwQtA	50	60
1545.mp4	xAzzCxBF28s	30	40
1547.mp4	xFT-BrlbctQ	30	40
1548.mp4	xMELs0HDBXg	30	40
1550.mp4	xQMFWFac8K8	30	40
1553.mp4	x_ceuafYrg8	30	40
1556.mp4	xft5b5v6J1E	70	80
1557.mp4	xfthfH6KGpA	70	80
1559.mp4	xmwLqK7WeHM	30	40
1560.mp4	xqlVSFOPejY	70	80
1561.mp4	xtRMQixEFz0	100	110
1563.mp4	xwy8YKDAffw	250	260
1566.mp4	y95ml0IYGr4	440	450
1567.mp4	yAEx0SYslEI	30	40
1569.mp4	yM-hJwMOGMI	30	40
1570.mp4	yP23ZZFGm8g	100	110
1571.mp4	y_vMcXBq8FA	500	510
1572.mp4	ydLCp4s0LJc	60	70
1574.mp4	yehsz3ZfUso	30	40
1575.mp4	yiWRCYJk9Dg	90	100
1577.mp4	yqvk-EWBZA0	20	30
1578.mp4	yrce_CQjsdA	20	30
1580.mp4	yzFCtCsdLuU	30	40
1583.mp4	z5Qy79xwqnA	200	210
1584.mp4	z5SZfIAUIIg	30	40
1585.mp4	z9829H_PJQU	180	190
1586.mp4	z9lGBK-rC64	30	40
1587.mp4	zDUCFIJuHAA	240	250
1588.mp4	zDqI6A-hpYc	160	170
1589.mp4	zEBrnIZa6-s	130	140
1590.mp4	zFE6eZ6GI8o	30	40
1592.mp4	zI3pIyR3wis	120	130
1594.mp4	zJ2UiVrEsb0	50	60
1596.mp4	zW55yM6n_kc	40	50
1597.mp4	zYl5TX8ONW4	30	40
1598.mp4	zdNqRksoHyU	18	28
1600.mp4	zkH4h1WjD6Q	130	140
1601.mp4	zwIArHIZbxU	30	40
