	FileName	data-ytid	data-start	data-end
0	0.mp4	--Jcz_RawUA	30	40
1	1.mp4	--x2v4WepHw	170	180
2	2.mp4	-3zSILamaBM	16	26
3	3.mp4	-4w4BTgp3hk	290	300
4	4.mp4	-58Z2Uxw2qE	30	40
5	5.mp4	-5Ekr8T27Ws	30	40
6	6.mp4	-8S9TKWIOSc	30	40
7	7.mp4	-9HoMjD6Opk	30	40
8	8.mp4	-9ummbDsgFM	30	40
9	9.mp4	-BrnUAUA37o	30	40
10	10.mp4	-CTrxqVn5CE	10	20
11	11.mp4	-DVM0BK_h5A	30	40
12	12.mp4	-GnKRy1-NFo	150	160
13	13.mp4	-HDFlW6kofA	0	10
14	14.mp4	-IBinZS3e2I	60	70
15	15.mp4	-JFnkRrPLBM	20	30
16	16.mp4	-Jy1RH9XZz0	60	70
17	17.mp4	-KWDiAKKK30	30	40
18	18.mp4	-KWoQzfEzok	90	100
19	19.mp4	-Lid8aDC01I	30	40
20	20.mp4	-MwY3HhnYVY	40	50
21	21.mp4	-NmKNGjcERA	80	90
22	22.mp4	-OUTdQmnnIU	30	40
23	23.mp4	-PiosLMNwDc	70	80
24	24.mp4	-R69Fa-mCaY	20	30
25	25.mp4	-RNbb1ZTu8Y	30	40
26	26.mp4	-SgK-t40AoY	40	50
27	27.mp4	-X4IN3lxjWk	10	20
28	28.mp4	-XU_IcknTlw	10	20
29	29.mp4	-XVu2GZypIY	21	31
30	30.mp4	-_iSor95OE8	30	40
31	31.mp4	-aMHwbGIJzg	10	20
32	32.mp4	-cSbshJ7aIk	4	14
33	33.mp4	-eEZX4WFrcI	30	40
34	34.mp4	-eTk4J5JTRU	30	40
35	35.mp4	-eV9hw6kPRU	30	40
36	36.mp4	-eztaN83LCY	30	40
37	37.mp4	-g-_Lwk4iDo	100	110
38	38.mp4	-h50KNMLMTQ	30	40
39	39.mp4	-hVzNPwMF40	23	33
40	40.mp4	-lq97ErUIZQ	100	110
41	41.mp4	-mMYhIxQXH0	170	180
42	42.mp4	-oL-TYoSpzs	20	30
43	43.mp4	-oZqRz0eW0c	30	40
44	44.mp4	-rB-q8LKp-I	30	40
45	45.mp4	-uflbdFXl_g	30	40
46	46.mp4	-wmaDx3C9b4	22	32
47	47.mp4	-x5unSmYREU	170	180
48	48.mp4	-z639l6WR2w	210	220
49	49.mp4	-zHk3s6BkpA	30	40
50	50.mp4	-zNFhsPBWUM	30	40
51	51.mp4	00na2qp3z1k	30	40
52	52.mp4	021r8gwwl-4	30	40
53	53.mp4	03A60e61IC4	9	19
54	54.mp4	050iiMJKE20	180	190
55	55.mp4	08gh4C8mO8c	30	40
56	56.mp4	08zhZZn29jc	30	40
57	57.mp4	0BD5ripk7SQ	30	40
58	58.mp4	0BMj7EIexwU	30	40
59	59.mp4	0CbeeOvr0DI	30	40
60	60.mp4	0IStDugr5uA	30	40
61	61.mp4	0M3AYnUPk4g	30	40
62	62.mp4	0NBzkiVITwg	330	340
63	63.mp4	0NOfrBTZC_M	10	20
64	64.mp4	0PxvBPOjDKI	30	40
65	65.mp4	0QZ-JK2Ch4E	60	70
66	66.mp4	0UgbKFIfyGY	30	40
67	67.mp4	0Ux3G_cg79s	30	40
68	68.mp4	0ZJehw_Ug-g	220	230
69	69.mp4	0Zn0yN14eh8	230	240
70	70.mp4	0dMJ7dlPzWs	90	100
71	71.mp4	0eXu0vIIMVc	380	390
72	72.mp4	0fjrDsLr_aE	30	40
73	73.mp4	0hMZVFUXwHo	140	150
74	74.mp4	0j6rg-m7C5g	0	10
75	75.mp4	0knV4q5Sx_c	210	220
76	76.mp4	0krZliEb9XE	30	40
77	77.mp4	0m-tnleCDEE	50	60
78	78.mp4	0o-iYXYbPCE	190	200
79	79.mp4	0q_vFsBN_Sk	230	240
80	80.mp4	0rbECchexqE	70	80
81	81.mp4	0s0FLwW_Zsk	0	10
82	82.mp4	0tray-DsgLA	60	70
83	83.mp4	0vlayD4ueuA	0	10
84	84.mp4	0wDHmbmKG3g	10	20
85	85.mp4	13EWDdyT8GI	10	20
86	86.mp4	18NpKwKl6Rk	30	40
87	87.mp4	1B6kKOARYBo	0	10
88	88.mp4	1C0bH19uXh0	0	10
89	89.mp4	1CQR2Nh6ZaU	20	30
90	90.mp4	1FF_PjIL4l4	10	20
91	91.mp4	1JWevjhd6Wk	20	30
92	92.mp4	1KyF6q2TTEA	40	50
93	93.mp4	1O1AFLKeys0	290	300
94	94.mp4	1PQEMRY4GDk	40	50
95	95.mp4	1Q-DLZ-70c0	30	40
96	96.mp4	1QYQa78ROjo	170	180
97	97.mp4	1SAw44hg6sg	110	120
98	98.mp4	1SVwE8mtUG8	290	300
99	99.mp4	1SqYA6OW3ns	110	120
100	100.mp4	1U6iMCFXAlc	150	160
101	101.mp4	1ZhtOjwuNpc	40	50
102	102.mp4	1_n6XYukiK8	100	110
103	103.mp4	1c2eL2piNeo	2	12
104	104.mp4	1eFYz39bEiQ	10	20
105	105.mp4	1g4BC4QPzNs	10	20
106	106.mp4	1pR1wOpgnnA	340	350
107	107.mp4	1uHXocWOpA8	60	70
108	108.mp4	1ur8hokq-Cs	220	230
109	109.mp4	1xg5haxzjFQ	0	10
110	110.mp4	22fW30DrCU8	30	40
111	111.mp4	23rse_r1kyQ	20	30
112	112.mp4	24ywlO1l1mE	20	30
113	113.mp4	26BA6rIKjvk	50	60
114	114.mp4	26M3949Ew70	170	180
115	115.mp4	29ajok5B6xU	360	370
116	116.mp4	29y1jdo96jw	0	10
117	117.mp4	2GfYNfKtpK0	30	40
118	118.mp4	2HLpx5mqvW8	0	10
119	119.mp4	2IyjdEYNwnY	0	10
120	120.mp4	2Jtfxu0vob4	210	220
121	121.mp4	2KNjxlOVpGM	20	30
122	122.mp4	2LL9rfu1PRg	0	10
123	123.mp4	2MYfUQFr6S0	160	170
124	124.mp4	2QGkgIAKaQE	13	23
125	125.mp4	2UuUxUmhugo	0	10
126	126.mp4	2VjOWA8QME8	20	30
127	127.mp4	2WogzOS_D9Q	210	220
128	128.mp4	2XVl8t1-XOM	560	570
129	129.mp4	2aQ4JPV-pBM	280	290
130	130.mp4	2hsNSgL5NaI	0	10
131	131.mp4	2kqRYTWKKIk	10	20
132	132.mp4	2mBAi3PkE4U	30	40
133	133.mp4	2vqn1vRl-No	30	40
134	134.mp4	2zqxt1ZFrM8	40	50
135	135.mp4	32QJbdusIQw	50	60
136	136.mp4	33SlPXN3NPk	0	10
137	137.mp4	36yvY7tUqIY	220	230
138	138.mp4	384nku0gUe4	30	40
139	139.mp4	3BO48LCK48M	30	40
140	140.mp4	3C1EACXWbnM	140	150
141	141.mp4	3O92j7ue-hE	30	40
142	142.mp4	3OO51tu979s	120	130
143	143.mp4	3PjKDhFX71A	410	420
144	144.mp4	3RFUrX4lRM8	30	40
145	145.mp4	3Sby3LP-cbU	90	100
146	146.mp4	3Uxn1085Ld4	30	40
147	147.mp4	3VzTXrbjDL4	30	40
148	148.mp4	3g6q9D2CQvU	80	90
149	149.mp4	3pQxeCqSqtE	10	20
150	150.mp4	3sMa94JiLZI	30	40
151	151.mp4	41_75OEwYGo	150	160
152	152.mp4	44PsYJNgEek	6	16
153	153.mp4	45RDIESl9Ws	10	20
154	154.mp4	45RDZ3owtvY	100	110
155	155.mp4	485pU5sKtcI	210	220
156	156.mp4	48h1ibWL_8c	90	100
157	157.mp4	49wP_Zmqkyc	30	40
158	158.mp4	4HFaGTxgh14	180	190
159	159.mp4	4IXh4lRq_Hs	290	300
160	160.mp4	4YPYs-bHaR4	0	10
161	161.mp4	4ag2bUbijjs	30	40
162	162.mp4	4f1R36qriMc	20	30
163	163.mp4	4iNH5KcANLw	30	40
164	164.mp4	4j2KuWhT_Ss	0	10
165	165.mp4	4jjIL7PyWX8	0	10
166	166.mp4	4kd99qbm25I	10	20
167	167.mp4	4leF1RwXFSE	40	50
168	168.mp4	4lytS3VyzTI	30	40
169	169.mp4	4v6G5PJkMkY	30	40
170	170.mp4	4vFPPpXSlk0	560	570
171	171.mp4	4voVgILqCoA	30	40
172	172.mp4	5-acFNBnyLQ	70	80
173	173.mp4	52ZWWG4WnSw	10	20
174	174.mp4	54PhWYrDTgw	30	40
175	175.mp4	59svx6RTX6E	100	110
176	176.mp4	5Apahm7iJRg	20	30
177	177.mp4	5CWAf-BtBCQ	10	20
178	178.mp4	5CkG2GTiK4M	100	110
179	179.mp4	5DkmUEjwqMg	170	180
180	180.mp4	5F19VZEOOzc	30	40
181	181.mp4	5FUGulXdKYE	30	40
182	182.mp4	5FjrbmfXPxk	17	27
183	183.mp4	5HkTArPiX8E	10	20
184	184.mp4	5IxlZtup57Y	30	40
185	185.mp4	5J0IFzqU9-E	30	40
186	186.mp4	5JysaXXOtEQ	10	20
187	187.mp4	5NqpmNqPDeQ	30	40
188	188.mp4	5OWCQl64pXc	30	40
189	189.mp4	5XYV5xpGGWk	40	50
190	190.mp4	5YUfq2YeYdI	30	40
191	191.mp4	5a_LPLNtBQs	50	60
192	192.mp4	5bM3Syf1KN0	240	250
193	193.mp4	5csBOR-cdgw	0	10
194	194.mp4	5d0TnzxTgKM	40	50
195	195.mp4	5f7z2-05sBk	30	40
196	196.mp4	5iGJ3W1QPKw	190	200
197	197.mp4	5jPxN86-2P0	10	20
198	198.mp4	5jpVVYSD1gk	70	80
199	199.mp4	5k9zvzKkrqo	70	80
200	200.mp4	5kUXjphzr7U	30	40
201	201.mp4	5mKfMbsjeAs	30	40
202	202.mp4	5x68LSNwdB0	10	20
203	203.mp4	5zSPUfVm32A	30	40
204	204.mp4	6-DAiSEzRA4	20	30
205	205.mp4	6-WxHsmNta8	0	10
206	206.mp4	60g7lnyd6sM	0	10
207	207.mp4	610TuLNPepE	140	150
208	208.mp4	66-n0kgMDfM	140	150
209	209.mp4	67BJyMQdzyo	22	32
210	210.mp4	67PlMRhS5qc	0	10
211	211.mp4	6Cg2mgELq8A	10	20
212	212.mp4	6LqiQrUchhM	30	40
213	213.mp4	6NOW0_HuUCQ	200	210
214	214.mp4	6PiYwUuaXhM	10	20
215	215.mp4	6VRcINAY7KE	0	10
216	216.mp4	6VjKhcP8_Zo	60	70
217	217.mp4	6WuAyuoXdp4	0	10
218	218.mp4	6XUTi0w3Wg0	0	10
219	219.mp4	6YmkVpYLK0k	0	10
220	220.mp4	6Z1eAbekeLg	60	70
221	221.mp4	6aV6c8mY0lg	30	40
222	222.mp4	6gLbCktiyAM	180	190
223	223.mp4	6hS3y44hjrI	20	30
224	224.mp4	6mWz9fxXO7s	490	500
225	225.mp4	6r6BLAEWh9s	100	110
226	226.mp4	6tXkKR9EU6w	10	20
227	227.mp4	7-18CoeAuA0	60	70
228	228.mp4	73mQmyZZsSw	10	20
229	229.mp4	76rJsot3DqM	10	20
230	230.mp4	77Jn4nNjcrM	47	57
231	231.mp4	7BMVg6l2qB0	0	10
232	232.mp4	7CMYwP1EvKM	60	70
233	233.mp4	7CSLF0jSayc	40	50
234	234.mp4	7Cm9bUZNVuk	10	20
235	235.mp4	7CoLnTZn774	10	20
236	236.mp4	7EJ1TlhoFKc	30	40
237	237.mp4	7FSkFZcTWXI	10	20
238	238.mp4	7K40HZUhoqs	70	80
239	239.mp4	7P1-Lxp0bcg	110	120
240	240.mp4	7Rvuxvba7Y0	14	24
241	241.mp4	7SChBv97cmg	10	20
242	242.mp4	7TRrkoz8iYw	220	230
243	243.mp4	7V7SdTOJ4Yo	520	530
244	244.mp4	7YDNwy5GKGA	300	310
245	245.mp4	7YMQM9rmB2U	30	40
246	246.mp4	7YUPoS4bD24	240	250
247	247.mp4	7YkRGfxAA8s	40	50
248	248.mp4	7bMHefrBuYg	30	40
249	249.mp4	7bgTxPSZ2-o	370	380
250	250.mp4	7cPo0JhnJjQ	30	40
251	251.mp4	7cWiVBljHMg	30	40
252	252.mp4	7ckyVndW6R8	30	40
253	253.mp4	7cr61JHfWD0	30	40
254	254.mp4	7dkHshJUTAE	30	40
255	255.mp4	7eAIvG3uFjo	10	20
256	256.mp4	7eOrKcZ7dWo	10	20
257	257.mp4	7gWVh1NUhRs	310	320
258	258.mp4	7ly236Hvae0	30	40
259	259.mp4	7nnOX-yZ-wE	10	20
260	260.mp4	7qJ6mH9_rYQ	310	320
261	261.mp4	8-rNE12KQ80	0	10
262	262.mp4	81Og-_bi-u4	330	340
263	263.mp4	83C1jdaWwSg	30	40
264	264.mp4	8I33jMkah94	90	100
265	265.mp4	8Il3FjtL0Rs	50	60
266	266.mp4	8NY3TWbkg3I	110	120
267	267.mp4	8PEb0vP7xWc	30	40
268	268.mp4	8VbyyhCscVc	30	40
269	269.mp4	8WMRrXWeepA	240	250
270	270.mp4	8YjckYU7TzI	30	40
271	271.mp4	8aK3CvpLtJg	280	290
272	272.mp4	8fbyzXTsxpc	40	50
273	273.mp4	8np7wFQdfXg	480	490
274	274.mp4	8rTu0h4hx6s	90	100
275	275.mp4	8sLYKVe1amk	30	40
276	276.mp4	8t8UWF_k3yc	270	280
277	277.mp4	8wQhYN24WMM	310	320
278	278.mp4	8xbj56gxXbQ	140	150
279	279.mp4	8yBGrAo62iQ	0	10
280	280.mp4	9-FLVe2r2BQ	30	40
281	281.mp4	92sTzXubUgQ	200	210
282	282.mp4	93C94T6TfhA	0	10
283	283.mp4	94gMHF0bveo	76	86
284	284.mp4	982okBl_eYQ	0	10
285	285.mp4	9D32xsXlQeQ	160	170
286	286.mp4	9FIE961ZSxQ	30	40
287	287.mp4	9LBd-au2bh8	220	230
288	288.mp4	9NjlBySUVHo	0	10
289	289.mp4	9PkZYgV5Skw	10	20
290	290.mp4	9W1zHb6TcmE	0	10
291	291.mp4	9a1F8iNHHHE	30	40
292	292.mp4	9bSsHt3C07w	60	70
293	293.mp4	9gMBHU-Fw-E	30	40
294	294.mp4	9lz32KGfZZc	0	10
295	295.mp4	9qFy1anZ--M	28	38
296	296.mp4	9qmCbAoykkQ	40	50
297	297.mp4	9vPMaY9f540	40	50
298	298.mp4	9zvn0ebSv20	0	10
299	299.mp4	A--jAq0xhVk	30	40
300	300.mp4	A2Q9mLfZD2E	80	90
301	301.mp4	A5CJ4ZFpKes	10	20
302	302.mp4	A5p_NLW1l64	30	40
303	303.mp4	A6o7kLCXee0	16	26
304	304.mp4	ABZP_T5CXZ4	270	280
305	305.mp4	AEV15wHaoPY	30	40
306	306.mp4	AEc1SCkUUk0	30	40
307	307.mp4	AILthMOdN60	30	40
308	308.mp4	ALgtE9X6j8E	30	40
309	309.mp4	AOJA4TU2M9c	30	40
310	310.mp4	AQtZz6xvwPA	30	40
311	311.mp4	AT7Ko6gW86g	0	10
312	312.mp4	AUl1mP4wtyI	0	5
313	313.mp4	A_4yeTLSws8	30	40
314	314.mp4	AdCQrrGANTM	30	40
315	315.mp4	AdgZWrZKY1Y	27	37
316	316.mp4	AdoBKPCXMeo	50	60
317	317.mp4	Ae6pZjdGfRY	30	40
318	318.mp4	AgDxQIamHek	30	40
319	319.mp4	AjZ1Yaz-540	28	38
320	320.mp4	AkSnikvXt-Q	180	190
321	321.mp4	ApKgnUPayqU	8.5	18.5
322	322.mp4	Apudgyyvhvs	100	110
323	323.mp4	AwmCngzEifU	10	20
324	324.mp4	AwnRr_4Sm1g	0	10
325	325.mp4	AwxvjrbEkTg	10	20
326	326.mp4	AyHBSX1ODrM	30	40
327	327.mp4	AybG7FSaO38	20	30
328	328.mp4	B0sx_c4ztyo	80	90
329	329.mp4	B5ugRlKeYPk	400	410
330	330.mp4	B7bNn4BeyKc	0	10
331	331.mp4	B8Z8kfNhSX4	50	60
332	332.mp4	BDN1S8MBgdA	0	10
333	333.mp4	BHJoLGId1go	0	10
334	334.mp4	BIT-3hb7kIM	110	120
335	335.mp4	BJHhd5r2ugo	30	40
336	336.mp4	BJZ_RnITfJU	30	40
337	337.mp4	BMxA1rvFlZ8	130	140
338	338.mp4	BP7jhiakGVo	30	40
339	339.mp4	BR7mmabA9z8	30	40
340	340.mp4	BVGZS0tLe_A	110	120
341	341.mp4	BVLQiTalSjg	20	30
342	342.mp4	BVu4HrPCEXM	130	140
343	343.mp4	BXwdSXu0uA4	60	70
344	344.mp4	BYGADuRTxYw	80	90
345	345.mp4	BZCgbtdNH6Q	30	40
346	346.mp4	BbiFjirKtWM	40	50
347	347.mp4	Bc3YWH2K3JA	30	40
348	348.mp4	BeNhTsHGHIE	60	70
349	349.mp4	BeWBNG6z7f8	0	6
350	350.mp4	BgAnsqHXWhI	30	40
351	351.mp4	BjQNj1Fe-AY	10	20
352	352.mp4	Bk0XDemhbqE	30	40
353	353.mp4	Bn3I8Q2W_gI	30	40
354	354.mp4	BnUXJZR8CJA	30	40
355	355.mp4	BpBBVyd28e8	26	36
356	356.mp4	BrIegoRxgGc	30	40
357	357.mp4	BtjZjdUqzvY	4	14
358	358.mp4	Bv_-ogBjngI	19	29
359	359.mp4	C-uNumeNFu4	30	40
360	360.mp4	C0c3ktHKBJ8	60	70
361	361.mp4	C2Ai_RKUxPY	30	40
362	362.mp4	C5hCSx7GDns	100	110
363	363.mp4	C60iaPPFLBw	30	40
364	364.mp4	C8CFiyI_Ba8	0	10
365	365.mp4	CBBiSzV8YEM	30	40
366	366.mp4	CBw20AYBM80	40	50
367	367.mp4	CENJ57WEMfU	210	220
368	368.mp4	CF0Kke3fUIM	60	70
369	369.mp4	CG9wCczs1lc	20	30
370	370.mp4	CMvlpbTAxJk	170	180
371	371.mp4	CNGXLyik_4k	70	80
372	372.mp4	CPRUkY2QVh8	30	40
373	373.mp4	CQDY8CdIfMw	30	40
374	374.mp4	CQqjv5jpGR8	30	40
375	375.mp4	CS1eMi0oZzo	20	30
376	376.mp4	CS4cJBRBE6I	0	10
377	377.mp4	CZsgjvZi-jo	30	40
378	378.mp4	CaQlTXWFALY	10	20
379	379.mp4	CaoG16yBh1M	40	50
380	380.mp4	CfsB0hE9Z-4	170	180
381	381.mp4	CgHtcptbI1U	30	40
382	382.mp4	CjuCLyuvIAY	90	100
383	383.mp4	CkrgwaCkcio	30	40
384	384.mp4	Cks9fKciLtU	0	10
385	385.mp4	Cktl4Aw_sEE	30	40
386	386.mp4	Cm7EoUFnLbU	30	40
387	387.mp4	CoWWUQiGVwQ	30	40
388	388.mp4	CobeC6B67wA	30	40
389	389.mp4	CocB6ItybUE	30	40
390	390.mp4	Cqj9n0PHx4M	0	10
391	391.mp4	Cri6WKybyqU	60	70
392	392.mp4	CtMlhwN3wAI	30	40
393	393.mp4	CvVJd_J9A2E	410	420
394	394.mp4	CwePqPu5Rqo	30	40
395	395.mp4	CyLmUFWDEvs	30	40
396	396.mp4	D-1qr9Ye5-8	170	180
397	397.mp4	D0kNXqg7Kcw	20	30
398	398.mp4	D4g4hDty-0Y	150	160
399	399.mp4	D7yD6W8jqo4	30	40
400	400.mp4	D8QghlF89yc	30	40
401	401.mp4	D974Ua5FvsE	100	110
402	402.mp4	DA2ECI9KQV8	40	50
403	403.mp4	DCX49O49QBs	130	140
404	404.mp4	DD67JLqmCtA	20	30
405	405.mp4	DDilcTETpYA	10	20
406	406.mp4	DH0B7V0hNPQ	10	20
407	407.mp4	DMTAv9mw_x8	20	30
408	408.mp4	DOswV5jFSqQ	53	63
409	409.mp4	DT1CTUruDyQ	160	170
410	410.mp4	DZ2OJ2BQEos	50	60
411	411.mp4	DZdhnk9x1MQ	0	10
412	412.mp4	DZeyWdZ7yxw	380	390
413	413.mp4	D_tJ83kIq6A	240	250
414	414.mp4	De_Q__O73q4	30	40
415	415.mp4	DgbAgPOma_M	30	40
416	416.mp4	DjATl6PNShw	80	90
417	417.mp4	DlWZHgSeyoc	30	40
418	418.mp4	DnGA0aDFSTo	10	20
419	419.mp4	Dpfcb0E126U	30	40
420	420.mp4	DrpbZM5X_k0	480	490
421	421.mp4	Dv50x3XXrUs	30	40
422	422.mp4	DwE0cQ3Xz70	30	40
423	423.mp4	E7lVUN66HPI	280	290
424	424.mp4	EBvrflliwvk	40	50
425	425.mp4	EC3Lxrq_dxQ	50	60
426	426.mp4	EFtzDWB7Too	260	270
427	427.mp4	EL8VFE4XJ_s	30	40
428	428.mp4	ELC1F7jxkZE	100	110
429	429.mp4	EN7srKKK9Rg	30	40
430	430.mp4	EQAX623rCOE	0	10
431	431.mp4	ETh_6BApXeM	0	10
432	432.mp4	EXxDqf6KV0w	30	40
433	433.mp4	EZpffF9di-Y	20	30
434	434.mp4	E_K-XvCSpYE	0	10
435	435.mp4	EbJXo7Fw09I	10	20
436	436.mp4	EbytbZdRRBM	290	300
437	437.mp4	Ee2_xpER9MU	20	30
438	438.mp4	Ei3sweuvSLE	30	40
439	439.mp4	EkgIHTwoV2w	6	16
440	440.mp4	Elq7JR_OQOE	180	190
441	441.mp4	Em2GJb2DnDE	30	40
442	442.mp4	EuN2PFzDPmQ	90	100
443	443.mp4	EwoQIa82vZc	30	40
444	444.mp4	EwuHWwIpH-Y	30	40
445	445.mp4	F-Bd-3N8SVw	50	60
446	446.mp4	F1T2diMbSXI	140	150
447	447.mp4	F8J19Klc2Eg	20	30
448	448.mp4	F8oJuNdyi4k	10	20
449	449.mp4	FAIKjH_cNjQ	160	170
450	450.mp4	FCWxZwacG1c	30	40
451	451.mp4	FCzyW85HNGE	17	27
452	452.mp4	FGJQ3KC-Geo	110	120
453	453.mp4	FJeQBOfG7p8	60	70
454	454.mp4	FQA4VYa_AMU	270	280
455	455.mp4	FSaIBGrJ9Jg	90	100
456	456.mp4	FSmJPdSvZhk	30	40
457	457.mp4	FU1_O_GJDko	410	420
458	458.mp4	FVL372sQVG4	50	60
459	459.mp4	FWDuEvEbw9M	30	40
460	460.mp4	FWKZtdzCOWU	30	40
461	461.mp4	Fb3B_kuKHKE	50	60
462	462.mp4	FbUfifj5GZo	30	40
463	463.mp4	FeSvAVZXKAA	150	160
464	464.mp4	FgEfmyyLs0M	30	40
465	465.mp4	FlASw7qL1kY	180	190
466	466.mp4	Flk4WxLho2U	80	90
467	467.mp4	FmOBqP7psWU	40	50
468	468.mp4	FmYQpjfquts	30	40
469	469.mp4	Fo_4UCB2ZXg	10	20
470	470.mp4	Fr1qBIIxTDY	0	10
471	471.mp4	Fr4sultk3N8	40	50
472	472.mp4	FtGy2uCLm5c	80	90
473	473.mp4	FukgD9pUTgo	90	100
474	474.mp4	FwNp3eTUMVo	20	30
475	475.mp4	G2zC8-a0YJg	30	40
476	476.mp4	G9dzSp_hGbA	0	10
477	477.mp4	GAqgkX7isLs	30	40
478	478.mp4	GD-hZIUFPus	30	40
479	479.mp4	GGr5RlDlG7U	90	100
480	480.mp4	GN5Pqfq2SV8	30	40
481	481.mp4	GNDSZVryFaw	80	90
482	482.mp4	GP1C6uJdL1g	60	70
483	483.mp4	GQKUYiyRzTQ	70	80
484	484.mp4	GS75mzIW5Gc	490	500
485	485.mp4	GTeMzdJBP9A	30	40
486	486.mp4	GTkDzl1Q6xQ	10	20
487	487.mp4	GcB0moY-9ho	30	40
488	488.mp4	GhXg04KU9Ws	22	32
489	489.mp4	Gi-Qt6cYeqA	80	90
490	490.mp4	Gj4I3ApyG_c	180	190
491	491.mp4	GnY5OpfADgw	290	300
492	492.mp4	GyXuO6eZ7HI	160	170
493	493.mp4	H1hWQXWYSv4	0	10
494	494.mp4	H3MgKzjQdSA	90	100
495	495.mp4	H5aMRDYp-GQ	0	10
496	496.mp4	HJxW5SGaPMA	90	100
497	497.mp4	HNhLJa-cU-Y	90	100
498	498.mp4	HNvsScpSGFg	10	20
499	499.mp4	HPYAsDO_ykM	50	60
500	500.mp4	HPmDHUD51EI	490	500
501	501.mp4	HQ29pZ4-EKw	10	20
502	502.mp4	HW8sQVvQ6ug	430	440
503	503.mp4	HX_m4fjZIj0	30	40
504	504.mp4	HZ69dl6yTYM	90	100
505	505.mp4	HaBBfz0TthI	20	30
506	506.mp4	Havc0BV1V-s	200	210
507	507.mp4	HcUouOFqwGE	30	40
508	508.mp4	Hj5EYl2b91Q	30	40
509	509.mp4	Hl8zfhcboAc	290	300
510	510.mp4	HxAlcG_rEZA	30	40
511	511.mp4	Hz1_p1qHTPQ	70	80
512	512.mp4	HzGFK0fLvxo	300	310
513	513.mp4	I10MO2EYnzw	30	40
514	514.mp4	I2TerLINT5I	30	40
515	515.mp4	IAg2N-wKoXI	120	130
516	516.mp4	IDvzopNK304	0	10
517	517.mp4	IKYAMHcgzKo	80	90
518	518.mp4	ILBC3bJ6ZJA	0	10
519	519.mp4	IPcUggqg4Xw	10	20
520	520.mp4	IQbMYkGYmos	0	10
521	521.mp4	IS6aUSfbEuY	10	20
522	522.mp4	ITMF57JL2KQ	50	60
523	523.mp4	IWhf8e-AVWo	30	40
524	524.mp4	I_s_gBzEtCs	190	200
525	525.mp4	Ibus4pCP4nY	30	40
526	526.mp4	IeC-pZ3misQ	30	40
527	527.mp4	Ifw7KvCmBmQ	27	37
528	528.mp4	IiOj18HpE8E	30	40
529	529.mp4	Ije0xxBIf-8	30	40
530	530.mp4	IpzA4CaZT_Q	0	10
531	531.mp4	IzItEWGGtIM	350	360
532	532.mp4	IzJtqrr3_4o	30	40
533	533.mp4	J-1NnfVCO4U	140	150
534	534.mp4	J2vd6aDUb6g	130	140
535	535.mp4	JB9NBkA768k	530	540
536	536.mp4	JBPezyDs1-k	24	34
537	537.mp4	JC5XE0uh0b0	30	40
538	538.mp4	JCv61xfuRQA	30	40
539	539.mp4	JDFIG2ZxaPA	50	60
540	540.mp4	JF1loyXZL8s	30	40
541	541.mp4	JHZ8YtyRjS0	330	340
542	542.mp4	JKdmCnXxlKA	30	40
543	543.mp4	JRQYsSvB_Xc	90	100
544	544.mp4	JUfcJoYWYmo	60	70
545	545.mp4	JXnKiQ-iReU	30	40
546	546.mp4	JZjg8JAoTLY	460	470
547	547.mp4	J_6YpZUoBDQ	50	60
548	548.mp4	JagdfM4M1ZE	20	30
549	549.mp4	Jc61s9UsLJA	80	90
550	550.mp4	Jci_knX9g1I	20	30
551	551.mp4	JefoE6ttyRs	30	40
552	552.mp4	JjYzReliwrs	30	40
553	553.mp4	Jk1fEV2Ih64	50	60
554	554.mp4	JpMgTjsMLPU	30	40
555	555.mp4	JqfhG1dFMT4	30	40
556	556.mp4	JrJcYTtltRM	30	40
557	557.mp4	JsM9zB4Q8cY	430	440
558	558.mp4	Ju6Ge2Z0GAI	0	10
559	559.mp4	Jy6Q6UDiu3s	60	70
560	560.mp4	K-0o1Eut16U	10	20
561	561.mp4	K-V369rykrw	0	10
562	562.mp4	K1tK9UYtYxg	230	240
563	563.mp4	K1xgVfLdwVg	30	40
564	564.mp4	K3SfuXPpHoo	30	40
565	565.mp4	K45C9ghV3UY	80	90
566	566.mp4	K48R-3BejZg	10	20
567	567.mp4	K4EXRw5C4Nc	430	440
568	568.mp4	K4S_3omKjXE	160	170
569	569.mp4	K4dSVn0RLGM	20	30
570	570.mp4	K7CwfLpuwPI	10	20
571	571.mp4	K8AgDTB12l4	10	20
572	572.mp4	KBuqNcauF4c	38	48
573	573.mp4	KHGe6sCJQ34	30	40
574	574.mp4	KR3JHGSwScQ	10	20
575	575.mp4	KSz-4g901cY	220	230
576	576.mp4	KVMd1zCQaQY	30	40
577	577.mp4	KXgkl1THwjY	50	60
578	578.mp4	KarxHsDpwpk	50	60
579	579.mp4	KcRmfJn09bo	120	130
580	580.mp4	KdDociD4Il8	200	210
581	581.mp4	KmEQa1bPzl0	30	40
582	582.mp4	Kn7iW0Pj9PA	40	50
583	583.mp4	KngzG6qgxkA	50	60
584	584.mp4	KpcEcWJknBs	30	40
585	585.mp4	L-fTE7PLSic	20	30
586	586.mp4	L0I3Au3rnfM	30	40
587	587.mp4	L1dKnUucBdI	0	10
588	588.mp4	L3tIhWjW6vI	0	10
589	589.mp4	L4hZrgWAt0A	40	50
590	590.mp4	L4wQuGSI30s	80	90
591	591.mp4	L8iOrkk4dHI	60	70
592	592.mp4	L9bY51Er3hk	30	40
593	593.mp4	LHCCOsCIGSc	10	20
594	594.mp4	LIwpkjgni7I	40	50
595	595.mp4	LJPBzpoEJtw	30	40
596	596.mp4	LOTibagId-E	30	40
597	597.mp4	LTcGCWM7u10	520	530
598	598.mp4	LX-7XM35PCE	90	100
599	599.mp4	LXkUfPG3jKo	340	350
600	600.mp4	LYadFGHyPow	350	360
601	601.mp4	LZ6oDntUV2c	40	50
602	602.mp4	Lbc2o2vbm7A	20	30
603	603.mp4	Lc_F4xsnUWY	10	20
604	604.mp4	Lf0WhS_1wwQ	270	280
605	605.mp4	LhUr6xCmYHQ	110	120
606	606.mp4	LrWwi0-wcrg	30	40
607	607.mp4	Lsp9WWuPEfw	50	60
608	608.mp4	LtbfZJFJZgc	20	30
609	609.mp4	LtoXgY38SzI	30	40
610	610.mp4	LtqXpk2YGls	10	20
611	611.mp4	M1KvQp2NUq0	120	130
612	612.mp4	M9mBJmt4EXs	10	20
613	613.mp4	MAWxGLr3OIM	390	400
614	614.mp4	MBXb4BtDU5U	170	180
615	615.mp4	MEa3O1OEVCA	20	30
616	616.mp4	MF-hU9pTVro	10	20
617	617.mp4	MFPSrq76PM8	50	60
618	618.mp4	MH_8zAWvbgM	20	30
619	619.mp4	MHsRa_x7fpA	29	39
620	620.mp4	ML6xJBRSsPw	230	240
621	621.mp4	MNUX6LCrVpg	30	40
622	622.mp4	MQa8rj-y4rM	300	310
623	623.mp4	MQtoz5DX0pw	0	10
624	624.mp4	MVx1lq1COng	170	180
625	625.mp4	MXl-E_bUFO8	340	350
626	626.mp4	MYJsdJqCSVo	30	40
627	627.mp4	M_J6d0tj_C4	30	40
628	628.mp4	MaWOmkbvb4g	470	480
629	629.mp4	MfiszhvwDzI	400	410
630	630.mp4	MhgpMCvN998	0	10
631	631.mp4	Mhl1KBik5EI	30	40
632	632.mp4	Msh94MTYC6A	290	300
633	633.mp4	N4sW3gpEzfU	70	80
634	634.mp4	N8GeXBvT3xc	30	40
635	635.mp4	N8vVPdo7CJU	290	300
636	636.mp4	NBONmkNn8e8	80	90
637	637.mp4	NEXGbwxyG1k	20	30
638	638.mp4	NJGQDfryU1A	70	80
639	639.mp4	NNOR-uEoFTA	100	110
640	640.mp4	NRlDEWb3kdY	70	80
641	641.mp4	NW9K0RjuRTc	30	40
642	642.mp4	NWG1AQtapqg	170	180
643	643.mp4	NWvcseyTR0U	70	80
644	644.mp4	NaSGRWCzZYM	0	10
645	645.mp4	NalrpkD5DW8	80	90
646	646.mp4	NbR1RNT0x84	10	20
647	647.mp4	NbwgLBhsHnU	0	10
648	648.mp4	Nc7F6FweQwI	30	40
649	649.mp4	NddQ787IjIk	560	570
650	650.mp4	Ndgcvhn65rY	50	60
651	651.mp4	Ng11fsHykCE	90	100
652	652.mp4	Nszf2gBWruU	30	40
653	653.mp4	O--tLth7Yp8	30	40
654	654.mp4	O03Xg6CiGkI	160	170
655	655.mp4	O3U_6IBaDmQ	410	420
656	656.mp4	O4jTK4cqsqY	30	40
657	657.mp4	OAUaBPCguHY	90	100
658	658.mp4	OD_Evkuomrc	0	10
659	659.mp4	OEpL4gA0ze4	70	80
660	660.mp4	OHAgRsCuRJQ	240	250
661	661.mp4	OIDsUOv17bY	30	40
662	662.mp4	OL90w0OzNxs	10	20
663	663.mp4	OOunYet7BEY	400	410
664	664.mp4	OQWTCyZFZQ0	240	250
665	665.mp4	OQo68V7DF0o	110	120
666	666.mp4	OR5u7RDEwto	30	40
667	667.mp4	ORrepO9EwxI	100	110
668	668.mp4	OS75pMCauNQ	90	100
669	669.mp4	OUOp8Ynf_as	100	110
670	670.mp4	OUqrl2LA-SU	50	60
671	671.mp4	OVNtuxOm5ZA	10	20
672	672.mp4	OZk7zLHtTfU	120	130
673	673.mp4	O_CxliNc9Yo	120	130
674	674.mp4	OdL5_v9ilJ0	30	40
675	675.mp4	OdOIHGWEsqg	30	40
676	676.mp4	Odf3ZqkNx3A	30	40
677	677.mp4	Of6Yhq0dirE	100	110
678	678.mp4	Oix_l1SQlj8	20	30
679	679.mp4	Oj-ZhnCb244	87	97
680	680.mp4	OkNNMU5DsK4	10	20
681	681.mp4	Ow2ooQlgGV4	420	430
682	682.mp4	Ox32JwD3kxg	10	20
683	683.mp4	OytW_Wbwd7E	190	200
684	684.mp4	OzlperRLFdg	20	30
685	685.mp4	P-UI-VAh0UI	0	10
686	686.mp4	P1ralSTeajk	220	230
687	687.mp4	P2cC4rFXr_4	30	40
688	688.mp4	P4WwQ4-SQN4	28	38
689	689.mp4	P9w08Uj1xGI	30	40
690	690.mp4	P9wwKkltOqo	30	40
691	691.mp4	PGPgBu0yYfo	30	40
692	692.mp4	PMseEKzkQho	70	80
693	693.mp4	PNCo2MIJ6MA	30	40
694	694.mp4	PPrvYk7id7c	30	40
695	695.mp4	PURNt0pI8kM	30	40
696	696.mp4	PV5l8NUMXBU	120	130
697	697.mp4	PWP6JBTeMsM	30	40
698	698.mp4	PXAqyPrlkYI	140	150
699	699.mp4	PaAg2L4dd04	0	10
700	700.mp4	PboIASxaflM	10	20
701	701.mp4	Pc6d7q9UGpE	150	160
702	702.mp4	Pf2gwK-OzlY	0	10
703	703.mp4	PgojrXxAeLo	350	360
704	704.mp4	PiDXnLvQIDg	60	70
705	705.mp4	PjzVn7H0dsE	30	40
706	706.mp4	Pq1yTW0rXQA	10	20
707	707.mp4	PqPbDwuLHCE	50	60
708	708.mp4	Pw3Y_7Py3pE	8	18
709	709.mp4	PyU2-JLFf5w	190	200
710	710.mp4	Q-j7h0fr7VU	0	10
711	711.mp4	Q2vZ0xs7h2E	80	90
712	712.mp4	Q4X3Nk41WVQ	30	40
713	713.mp4	Q85Ici0nt88	280	290
714	714.mp4	QAMWpTKQeJM	130	140
715	715.mp4	QCvdVm3gDCo	240	250
716	716.mp4	QDrdcj-391I	10	20
717	717.mp4	QHbhG0seXyo	500	510
718	718.mp4	QRjb73UBNe4	0	10
719	719.mp4	QSKUKcn5xCM	30	40
720	720.mp4	QSoBNcHvtwI	230	240
721	721.mp4	QT8Xj5mkMFw	20	30
722	722.mp4	QWP_dKt49WE	30	40
723	723.mp4	QWvYwKEAEOE	0	10
724	724.mp4	Q_FWjRJ3AyI	60	70
725	725.mp4	Q_kZuYq50-k	40	50
726	726.mp4	QauiXuF0ac8	120	130
727	727.mp4	Qb0LUJzJf64	120	130
728	728.mp4	QgoqhLqaXGA	530	540
729	729.mp4	QgxKwFLcRiQ	10	20
730	730.mp4	QiRy_Gxyf78	40	50
731	731.mp4	Qiv1-j3evd4	230	240
732	732.mp4	QjzBMyHQUiA	30	40
733	733.mp4	QkGrdUWsq8k	30	40
734	734.mp4	QkMoG1WaTHQ	40	50
735	735.mp4	QkQQqRRK4MA	230	240
736	736.mp4	QrN7C962_RM	110	120
737	737.mp4	QsmT9pHdcF8	170	180
738	738.mp4	R1Ydodex5Us	340	350
739	739.mp4	R3uoQk71wH4	30	40
740	740.mp4	R3urAFIoKzQ	0	10
741	741.mp4	R6485ssu6HI	150	160
742	742.mp4	R9PDeAPNRMg	200	210
743	743.mp4	RDPUd3gWO6Q	30	40
744	744.mp4	REWGUzfTvc4	10	20
745	745.mp4	RIlsjOn1gFE	90	100
746	746.mp4	RM73Nue6Mmw	240	250
747	747.mp4	RclHxXNlzUY	20	30
748	748.mp4	RdgS91QrpaU	100	110
749	749.mp4	RdoxQoiKrek	210	220
750	750.mp4	RlOzRdX05xg	120	130
751	751.mp4	Rta3Phu25Co	70	80
752	752.mp4	S-fsXudEpW4	50	60
753	753.mp4	S1pXplazu5A	70	80
754	754.mp4	S45cdr4x-mc	80	90
755	755.mp4	S6iSLsKnX5A	70	80
756	756.mp4	S6vU-m0kO14	20	30
757	757.mp4	S71IOxk9pyI	30	40
758	758.mp4	SBU8bSGWnlY	130	140
759	759.mp4	SB__hc4PB6s	110	120
760	760.mp4	SCcNLeTVodQ	30	40
761	761.mp4	SDNG7SKNUm8	50	60
762	762.mp4	SEJVNN-6nBU	22	32
763	763.mp4	SEoEAq9ZiYY	30	40
764	764.mp4	SGdSYIOgeSg	30	40
765	765.mp4	SJ5Ztt0l3sk	30	40
766	766.mp4	SJTqc4w2bt0	90	100
767	767.mp4	SMKCFYD7OMI	30	40
768	768.mp4	SR8JlAXuB4w	40	50
769	769.mp4	SStX4QI9MSI	30	40
770	770.mp4	STyaGr0aAyU	560	570
771	771.mp4	ScU8RRYu5jY	30	40
772	772.mp4	Sgz14NX2vaU	210	220
773	773.mp4	Sh0o8h61Xe8	20	30
774	774.mp4	SirSDqaAj68	20	30
775	775.mp4	SpfweUT6h0g	310	320
776	776.mp4	SzVhTvU4FCE	110	120
777	777.mp4	T-YF1Hq5skk	30	40
778	778.mp4	T-rmJ7Q4wKA	30	40
779	779.mp4	T1fdtu0NdWI	390	400
780	780.mp4	T2BgeYHFyBw	280	290
781	781.mp4	T9nk8uwdJyw	150	160
782	782.mp4	TBtXmRHFZrE	30	40
783	783.mp4	TFBHQc4COYQ	160	170
784	784.mp4	TL3XUlDy1mA	20	30
785	785.mp4	TNy6bYvSbd4	30	40
786	786.mp4	TQ8ZSYWGcTY	10	20
787	787.mp4	TRd3PEbDY_I	10	20
788	788.mp4	TSEtz2I0_cM	10	20
789	789.mp4	TTfyqahHVzc	50	60
790	790.mp4	TWd58LpF4T8	20	30
791	791.mp4	T_XR-BXYfnU	50	60
792	792.mp4	Ta7drLVWUls	0	10
793	793.mp4	Ta__Ev0mkBk	30	40
794	794.mp4	Tb1tvTSRD9M	0	10
795	795.mp4	TbmhIZEX6XA	110	120
796	796.mp4	TdMyGh_Yr_s	100	110
797	797.mp4	TeDqdC16Wn0	30	40
798	798.mp4	Th6ppQ7e2YU	30	40
799	799.mp4	TiNWKPblpIM	30	40
800	800.mp4	TjKO55TZ0JE	30	40
801	801.mp4	Tjc6ogDdeTM	0	10
802	802.mp4	TjgCtHX-gxc	120	130
803	803.mp4	TkpRorcLW38	10	20
804	804.mp4	TksHxfSHuc4	30	40
805	805.mp4	Tl-hvN3KMes	10	20
806	806.mp4	TlnQnFFX_4g	30	40
807	807.mp4	TmxbH4wC2Vk	240	250
808	808.mp4	Tn5XgcQrkcI	20	30
809	809.mp4	TpPomddqXuY	230	240
810	810.mp4	TpyDyZ7Phvc	30	40
811	811.mp4	Ty9gOqMBMvM	120	130
812	812.mp4	U2fx3wsK1no	0	10
813	813.mp4	U3COtQZORMU	20	30
814	814.mp4	U3FNEvzXAkk	30	40
815	815.mp4	U3t6IKbOLiA	110	120
816	816.mp4	U6HksBTAAQ8	0	10
817	817.mp4	UBGYGsmQWRY	390	400
818	818.mp4	UE4d7DxV1zE	30	40
819	819.mp4	UJ12Y9bZFdM	230	240
820	820.mp4	UK0L90SyV10	10	20
821	821.mp4	UKl7jiJDMc8	10	20
822	822.mp4	UNhZM1m5dqE	330	340
823	823.mp4	UOrCn0InJl8	459	469
824	824.mp4	UZa9eAlWr34	100	110
825	825.mp4	UZeeXVpSv6g	0	10
826	826.mp4	UeNi3cp1kiA	30	40
827	827.mp4	UhWdhsipTuI	30	40
828	828.mp4	Ul796E59yW0	30	40
829	829.mp4	Ulz1urzNY7s	30	40
830	830.mp4	UneY1KKuxYo	260	270
831	831.mp4	UrUjj6l39L8	50	60
832	832.mp4	Us3_RseJ5x0	520	530
833	833.mp4	UxQQmVCyZdc	380	390
834	834.mp4	UyIaN9KUK-E	60	70
835	835.mp4	UzVdhAgXc2Q	30	40
836	836.mp4	V2MEre4wQwc	220	230
837	837.mp4	V5kvi4Rzxsw	360	370
838	838.mp4	V7b8PBiQql4	560	570
839	839.mp4	V9IeUO1TCoA	30	40
840	840.mp4	V9lyhxXzt3Q	420	430
841	841.mp4	VBJr3r1DhU8	60	70
842	842.mp4	VDSyq8F4siY	160	170
843	843.mp4	VH29veQ0ShU	160	170
844	844.mp4	VHjXObPmpqE	0	10
845	845.mp4	VIKFKvc5_9c	30	40
846	846.mp4	VJA1lcYNQEY	30	40
847	847.mp4	VKwVxK0ZynE	60	70
848	848.mp4	VNqRPrdUWfo	30	40
849	849.mp4	VOeOWM6TUG4	10	20
850	850.mp4	VSDB4p7b90w	30	40
851	851.mp4	VUJieBrG_vs	90	100
852	852.mp4	VUuS_5L1vkw	90	100
853	853.mp4	V_tLttshtP4	30	40
854	854.mp4	VaGwYIZA5mk	160	170
855	855.mp4	VdiukDA1Fa8	30	40
856	856.mp4	VenqbzGOwvU	310	320
857	857.mp4	VgC8CRHbe2A	60	70
858	858.mp4	VnbMEKHS7-M	30	40
859	859.mp4	Vr0LmO4OBPk	40	50
860	860.mp4	VslCSAbZvJk	0	10
861	861.mp4	Vv4fHLa-Wik	310	320
862	862.mp4	VwaCc0eGBH8	40	50
863	863.mp4	Vwfzey2Fwq4	140	150
864	864.mp4	VzHbC9yEfwg	30	40
865	865.mp4	W16UeKBMmrA	20	30
866	866.mp4	W312cDoUweA	10	20
867	867.mp4	W430D2PxXXY	160	170
868	868.mp4	W7MNwPlhxbk	160	170
869	869.mp4	W8EBIe2x3FQ	5	15
870	870.mp4	WDAxpni8Dkk	30	40
871	871.mp4	WDUxkEqeXAQ	30	40
872	872.mp4	WFuHJ0Y-_nQ	590	600
873	873.mp4	WHzUPzWkST0	90	100
874	874.mp4	WKqWPXLn1SI	30	40
875	875.mp4	WLKFP35ej5M	260	270
876	876.mp4	WQXVBNYtRBI	50	60
877	877.mp4	WRdF3NCz9RM	140	150
878	878.mp4	WY-24kHXjKM	30	40
879	879.mp4	W_uN2FruwHc	30	40
880	880.mp4	Web5Z6VweSY	410	420
881	881.mp4	WfjvhbtdGOQ	340	350
882	882.mp4	Wl5YdHn7fS8	20	30
883	883.mp4	WlAbMQdJYqc	40	50
884	884.mp4	WlnGSkKs5pA	90	100
885	885.mp4	Ws0o-zMVZyQ	0	10
886	886.mp4	Wsek1KSP6sY	250	260
887	887.mp4	WtsLE9Wy6wk	20	30
888	888.mp4	X0ujmNmRoxk	30	40
889	889.mp4	X64SGrIkqTQ	140	150
890	890.mp4	X7Rrasb2QEM	110	120
891	891.mp4	X8PwhMvVz4c	50	60
892	892.mp4	XGDZc4LV1p4	30	40
893	893.mp4	XJ8jgH-7VvE	10	20
894	894.mp4	XJSRthb6Fsw	30	40
895	895.mp4	XK89yCwLvu4	150	160
896	896.mp4	XLn8XrQ5vaQ	30	40
897	897.mp4	XPI43woe3Os	20	30
898	898.mp4	XSJzshsMz30	30	40
899	899.mp4	XXEbReiK4rQ	50	60
900	900.mp4	XXWhLO1IsHc	30	40
901	901.mp4	XZ7Mf7GMkko	10	20
902	902.mp4	XZb_KCgzAKI	130	140
903	903.mp4	XZkmrbZ8E-0	60	70
904	904.mp4	XZvmRvqsk0I	40	50
905	905.mp4	XaWZFT8Xwqw	20	30
906	906.mp4	XbvzRNwtVSc	20	30
907	907.mp4	XhMPgL52zqM	50	60
908	908.mp4	Xm4u2s8poGw	60	70
909	909.mp4	XoL1T4Uc6mk	30	40
910	910.mp4	Xpk7zsAc4Wg	80	90
911	911.mp4	XuP6Ynfvphc	40	50
912	912.mp4	Y4JfR36zPi4	130	140
913	913.mp4	YFjSFVUM7y4	30	40
914	914.mp4	YGXmjXrshDg	300	310
915	915.mp4	YK1QgnqjZ9M	30	40
916	916.mp4	YKS7f_jbAD0	60	70
917	917.mp4	YN-H7hCCGuw	110	120
918	918.mp4	YN0lxyXW6bE	20	30
919	919.mp4	YSCIL6oHWs8	110	120
920	920.mp4	YSKTKvsksr8	60	70
921	921.mp4	YUnPXGiIGf8	120	130
922	922.mp4	YcN8128Aglw	30	40
923	923.mp4	Ycm17vExq_Y	30	40
924	924.mp4	YdBib3p2tLE	30	40
925	925.mp4	Yf-XSqHz148	300	310
926	926.mp4	YkMl2MwZ7oE	18	28
927	927.mp4	YlItCsLK4h4	60	70
928	928.mp4	Yrh5x6Vl64c	70	80
929	929.mp4	YvnbgvXrn40	30	40
930	930.mp4	YzoNc-DFxyQ	30	40
931	931.mp4	Z1ofRtPkGlw	70	80
932	932.mp4	Z4MvaT1AYss	110	120
933	933.mp4	Z7PxJ-AmV6I	10	20
934	934.mp4	Z8QctoK671Y	0	10
935	935.mp4	Z9ky7YM_wsc	0	10
936	936.mp4	ZAw25udrgc4	220	230
937	937.mp4	ZDOojZ7yre4	180	190
938	938.mp4	ZE6_E8CQ24c	20	30
939	939.mp4	ZFfTfUWPwhY	60	70
940	940.mp4	ZGWe3XU4t4Y	0	10
941	941.mp4	ZH8T-vYx7c8	30	40
942	942.mp4	ZI60bV9pf0E	90	100
943	943.mp4	ZJ5sOI4NgjY	90	100
944	944.mp4	ZPJANiTXuqk	39	49
945	945.mp4	ZQykT3D3lU4	30	40
946	946.mp4	ZUo0XMQ68AA	120	130
947	947.mp4	ZglW6_cdXMc	50	60
948	948.mp4	ZlTttYgo8GI	30	40
949	949.mp4	Zlh-uLC-k6M	10	20
950	950.mp4	Zo_I9C096hk	110	120
951	951.mp4	Zp15qBo47Qk	320	330
952	952.mp4	ZqmCvcsPOH0	30	40
953	953.mp4	ZrOnmXSpGzs	0	10
954	954.mp4	Zs1NK7I5zzk	390	400
955	955.mp4	ZsEIYULKCZ0	20	30
956	956.mp4	ZxWByp20hls	30	40
957	957.mp4	Zxvr4J3n4K0	520	530
958	958.mp4	_1-jlHEhfvc	30	40
959	959.mp4	_6xbRDLFOEk	30	40
960	960.mp4	_9IyqbNkaoU	320	330
961	961.mp4	_AWLuFBcPeQ	40	50
962	962.mp4	_CAakKtIb48	23	33
963	963.mp4	_M6zwxl2NNI	190	200
964	964.mp4	_M86i25A4U4	70	80
965	965.mp4	_NxHV6nZla0	70	80
966	966.mp4	_SDmvgQWnp8	120	130
967	967.mp4	_UJuZGms74M	70	80
968	968.mp4	_XDb9Jp0OqA	30	40
969	969.mp4	_Xzok7LYUBs	100	110
970	970.mp4	_Y7fnMf9oUg	130	140
971	971.mp4	_d3Av_Hdang	30	40
972	972.mp4	_fNnM9pr1kM	550	560
973	973.mp4	_if557QC-zE	30	40
974	974.mp4	_knj_9JEm-U	0	10
975	975.mp4	_nlx8tRr3r0	350	360
976	976.mp4	_pdvWZ8Gwn8	170	180
977	977.mp4	_sA56nnkAjk	30	40
978	978.mp4	_vqSF8Xi_-s	30	40
979	979.mp4	_yRFAw-sQ0s	150	160
980	980.mp4	a-WQKCe9tKk	280	290
981	981.mp4	a-cDwZB8_zY	150	160
982	982.mp4	a0ns-MykL1Y	30	40
983	983.mp4	a1LGAn2HQV8	130	140
984	984.mp4	a1Pre3vdTYo	40	50
985	985.mp4	a5C_KV928WU	10	20
986	986.mp4	a5vQ2AO8RCQ	150	160
987	987.mp4	aDXai2j982Q	50	60
988	988.mp4	aJb09Ttp69Q	70	80
989	989.mp4	aJstpH-lYSk	30	40
990	990.mp4	aKe_nbHDsIQ	10	20
991	991.mp4	aQU8jpzb6uU	15	25
992	992.mp4	aQtUu15cZlA	520	530
993	993.mp4	aWq1JCGQgkg	50	60
994	994.mp4	aXPgVStYgZE	450	460
995	995.mp4	aZZXmwxkjQ4	10	20
996	996.mp4	a_EbiX2hGSY	18	28
997	997.mp4	acckNXOZ9G8	200	210
998	998.mp4	aeLJEY-XLD0	70	80
999	999.mp4	ahovKRueJ8A	0	10
1000	1000.mp4	aot7YglzX3k	30	40
1001	1001.mp4	aqhELp8-o_c	260	270
1002	1002.mp4	axr1fuHMcmA	390	400
1003	1003.mp4	b-04KOwpaZo	30	40
1004	1004.mp4	b0Tpu878uqs	40	50
1005	1005.mp4	b42EJ0iPKIU	30	40
1006	1006.mp4	b55EUpsB6oA	70	80
1007	1007.mp4	bCOr9pgRZn4	100	110
1008	1008.mp4	bFKzQdEufUg	40	50
1009	1009.mp4	bFXab6nAlUM	20	30
1010	1010.mp4	bGDPImSNZVM	30	40
1011	1011.mp4	bHeV-v7brLo	10	20
1012	1012.mp4	bMVqeu3_St0	10	20
1013	1013.mp4	bPtI8ajtFJM	18	28
1014	1014.mp4	bRuJev7JLxA	100	110
1015	1015.mp4	bSkazz-wGQc	70	80
1016	1016.mp4	bUiMboOP2Os	230	240
1017	1017.mp4	bWoqHajtbZc	90	100
1018	1018.mp4	bX3wul2OQKY	20	30
1019	1019.mp4	bZlcDUxxk9A	40	50
1020	1020.mp4	baiCM1NKMyc	40	50
1021	1021.mp4	bc1tjO0X4U4	20	30
1022	1022.mp4	bgNpB82jN88	30	40
1023	1023.mp4	bhOWXjQ12qM	10	20
1024	1024.mp4	bk7sK4J7LpM	30	40
1025	1025.mp4	bp7aAhJBGp0	260	270
1026	1026.mp4	bpjXesdmWJ4	150	160
1027	1027.mp4	bpz9VbZcEbk	280	290
1028	1028.mp4	bsZjGFuu5BQ	50	60
1029	1029.mp4	bvlPH6tfh38	30	40
1030	1030.mp4	byKyS1Ifq2Q	120	130
1031	1031.mp4	bzkle-2peYQ	70	80
1032	1032.mp4	c0KIvLfO5GM	10	20
1033	1033.mp4	c2kAy1kOqjI	110	120
1034	1034.mp4	c32m3x0qIEo	280	290
1035	1035.mp4	c4NFS6T1C4k	40	50
1036	1036.mp4	c5GQ1w5Iq2o	40	50
1037	1037.mp4	c9xa5zorYWo	10	20
1038	1038.mp4	cA7XWdlNU60	40	50
1039	1039.mp4	cBmw9WWJOms	20	30
1040	1040.mp4	cEUlRS0SJ0g	280	290
1041	1041.mp4	cFmYyG9gFFI	40	50
1042	1042.mp4	cG7MewpScjk	30	40
1043	1043.mp4	cJRviXZkA3E	10	20
1044	1044.mp4	cJxmZX4rcFM	30	40
1045	1045.mp4	cLddM8Al17A	10	20
1046	1046.mp4	cN5IsXBc59w	30	40
1047	1047.mp4	cP4fdRaFr0Y	40	50
1048	1048.mp4	cPEdI99o3Tc	30	40
1049	1049.mp4	cPlazgXFzCo	220	230
1050	1050.mp4	cPpI2RP9Gfk	120	130
1051	1051.mp4	cPsUkYBTjos	190	200
1052	1052.mp4	cSQd8vVgaAo	20	30
1053	1053.mp4	cSdwnAQKZ80	10	20
1054	1054.mp4	cTM3C5gNbTA	30	40
1055	1055.mp4	cWQevv2VRY8	30	40
1056	1056.mp4	c_GJ8lEQayg	290	300
1057	1057.mp4	cf21xOlwAhc	30	40
1058	1058.mp4	cg9zHGAumM0	10	20
1059	1059.mp4	cjT02r-r9YM	120	130
1060	1060.mp4	cjwrRgMmXZ8	240	250
1061	1061.mp4	clEJU4UDI6U	140	150
1062	1062.mp4	clqpHTYJ3Bw	70	80
1063	1063.mp4	coqQX63fUdU	30	40
1064	1064.mp4	cpUQHj8AzIU	420	430
1065	1065.mp4	cpi7EX2B4gg	20	30
1066	1066.mp4	cqtb_KAeIZw	40	50
1067	1067.mp4	crapyE4c6ow	0	10
1068	1068.mp4	cty3N1hg8XQ	40	50
1069	1069.mp4	cuy9d0O0EUE	30	40
1070	1070.mp4	cxh2uD56xRU	30	40
1071	1071.mp4	cxxdtof84gw	50	60
1072	1072.mp4	d1CYduzNxdo	10	20
1073	1073.mp4	d2lKElTArE4	50	60
1074	1074.mp4	d51wpml80f4	90	100
1075	1075.mp4	d5AKgq5JDBA	30	40
1076	1076.mp4	d8Le-Q7HBkw	160	170
1077	1077.mp4	d8quFTEpFHA	20	30
1078	1078.mp4	d9QM-2K9jPA	560	570
1079	1079.mp4	dBcNYMw3CKY	30	40
1080	1080.mp4	dJ7PZ9A0lDk	20	30
1081	1081.mp4	dL8hjIHxQ3Y	10	20
1082	1082.mp4	dNnFoCeabg0	30	40
1083	1083.mp4	dOQCPeT0IU8	80	90
1084	1084.mp4	dTLV0Mv6N9M	0	10
1085	1085.mp4	dV5JdImsg44	10	20
1086	1086.mp4	dWgMWbr2eJs	120	130
1087	1087.mp4	dY-f4c9pECQ	310	320
1088	1088.mp4	dawxHEW8u2Q	60	70
1089	1089.mp4	dbtKOEXEWcU	190	200
1090	1090.mp4	dcNGl6Z1Hp8	60	70
1091	1091.mp4	dem8ht4oN90	290	300
1092	1092.mp4	dfWuB2RYMdw	90	100
1093	1093.mp4	djtuEZeBYkE	0	10
1094	1094.mp4	dk5RqoGEcTM	100	110
1095	1095.mp4	dky6_4_dwbg	90	100
1096	1096.mp4	dmF3SEgOqC4	210	220
1097	1097.mp4	dn60AwYbB3E	50	60
1098	1098.mp4	dqvqNEjnqlM	20	30
1099	1099.mp4	drDP3svhpuE	140	150
1100	1100.mp4	drIqxiioHYg	190	200
1101	1101.mp4	drdcwOg-TR4	30	40
1102	1102.mp4	duzpidPK6zI	160	170
1103	1103.mp4	e2f7EHpz5KQ	30	40
1104	1104.mp4	e72c6GHLm0U	30	40
1105	1105.mp4	e7bfiYWI0c0	0	10
1106	1106.mp4	e7tCwEFuNzY	10	20
1107	1107.mp4	eAnnyQjFWzY	410	420
1108	1108.mp4	eFeC0vKCShk	30	40
1109	1109.mp4	eFz53uW6Fho	130	140
1110	1110.mp4	eHAziqYEm3k	30	40
1111	1111.mp4	eHPMLzilElU	40	50
1112	1112.mp4	eMVBme-muJ8	30	40
1113	1113.mp4	eOGQ7PNOwpo	230	240
1114	1114.mp4	ePV7OSSJZRw	40	50
1115	1115.mp4	eR9XEhsi4JY	22	32
1116	1116.mp4	eRJ6xnoAOwQ	80	90
1117	1117.mp4	egEzRmtKZ4A	70	80
1118	1118.mp4	ejGPVGxjWBQ	0	9
1119	1119.mp4	eq410JhVB-E	10	20
1120	1120.mp4	ez3rWlm8AcM	5	15
1121	1121.mp4	f3JAR3QanXU	120	130
1122	1122.mp4	f4MQp5_0lE4	180	190
1123	1123.mp4	f6I01hYriF0	30	40
1124	1124.mp4	f9NRxKL_tlM	30	40
1125	1125.mp4	f9VihCkmrvE	30	40
1126	1126.mp4	fAdEurUC41w	230	240
1127	1127.mp4	fEk_247I5eA	280	290
1128	1128.mp4	fF9xCdJjQC0	140	150
1129	1129.mp4	fFahP-1uFwc	60	70
1130	1130.mp4	fFarEL2vmJE	0	10
1131	1131.mp4	fFoYjqavGVU	70	80
1132	1132.mp4	fLzo66H78EQ	10	20
1133	1133.mp4	fMSX20utRHI	60	70
1134	1134.mp4	fO250kjXV7U	0	10
1135	1135.mp4	fQTXM48NSCU	10	20
1136	1136.mp4	fTguqZG5Auk	10	20
1137	1137.mp4	fXS4OGMzjbc	30	40
1138	1138.mp4	fYpJldeYjOw	50	60
1139	1139.mp4	fZPf86wPZiQ	0	10
1140	1140.mp4	f_zu6ECXTM8	240	250
1141	1141.mp4	fcDDZmBWfWo	0	10
1142	1142.mp4	fcbknNzzlLU	170	180
1143	1143.mp4	fgXp1J_MSHQ	170	180
1144	1144.mp4	fiUK67T6LQs	30	40
1145	1145.mp4	fktFtFNUmc8	30	40
1146	1146.mp4	flhw_mApAx4	250	260
1147	1147.mp4	fp8O56_p-3A	80	90
1148	1148.mp4	fqlWLNe5HlQ	0	10
1149	1149.mp4	ft56JRT9fi4	30	40
1150	1150.mp4	fyxwCwbMZoE	140	150
1151	1151.mp4	g-bVhamxKdA	30	40
1152	1152.mp4	g6HeHbT3l1w	100	110
1153	1153.mp4	g98GoeDHVxY	50	60
1154	1154.mp4	g9T21WTpRrU	40	50
1155	1155.mp4	gAOhS-1idmo	30	40
1156	1156.mp4	gJ_TFW6PHs4	30	40
1157	1157.mp4	gKgoLmlXXf8	20	30
1158	1158.mp4	gMWUVX8bJc0	0	10
1159	1159.mp4	gMYK6KGoDxw	180	190
1160	1160.mp4	gNUTCDZUvS4	70	80
1161	1161.mp4	gQ8ckK_0T50	200	210
1162	1162.mp4	gUBVlNbf1Ig	20	30
1163	1163.mp4	gcxXa6_t3A0	200	210
1164	1164.mp4	gg1pqHbKxrI	90	100
1165	1165.mp4	ggJRLJXAJBg	220	230
1166	1166.mp4	gkyKnkcu8pY	30	40
1167	1167.mp4	gleOl2VMbOY	100	110
1168	1168.mp4	gqOhhptKEOM	170	180
1169	1169.mp4	gx0nJ88udfE	80	90
1170	1170.mp4	gxfA2wlnhTI	30	40
1171	1171.mp4	gyR9ElSyem0	30	40
1172	1172.mp4	gym6nQIAIeY	70	80
1173	1173.mp4	h6h0il0V1_g	470	480
1174	1174.mp4	h8At3aHT9kE	30	40
1175	1175.mp4	h8DapTVCTLI	30	40
1176	1176.mp4	h9Y9kStdlFs	30	40
1177	1177.mp4	h9tt7BX9qeQ	80	90
1178	1178.mp4	hA-xWwrOHnw	30	40
1179	1179.mp4	hHfxDC2AlHQ	30	40
1180	1180.mp4	hJLFdahejCU	150	160
1181	1181.mp4	hL5PhqPfbCM	370	380
1182	1182.mp4	hM3Z-wfOxoc	30	40
1183	1183.mp4	hQ85g1lQFzs	30	40
1184	1184.mp4	hR9msDWXP4w	30	40
1185	1185.mp4	hW5o1ek07Og	0	10
1186	1186.mp4	hXR3ZOPlRys	100	110
1187	1187.mp4	hXhv4Zo4SMw	50	60
1188	1188.mp4	hYORIB3AezU	10	20
1189	1189.mp4	ha-OmKS4W5I	30	40
1190	1190.mp4	hduh8Tu4P8E	70	80
1191	1191.mp4	hiUE_Q2RclA	10	20
1192	1192.mp4	hlF5Cyqpz7Y	300	310
1193	1193.mp4	hq9lXxVWmeY	10	20
1194	1194.mp4	hsYMpQr7M2U	200	210
1195	1195.mp4	hsx5FsH9CO4	30	40
1196	1196.mp4	hvwvzuFyyuA	30	40
1197	1197.mp4	i10JPKjqZjw	130	140
1198	1198.mp4	i2XqpijonqI	80	90
1199	1199.mp4	i4CCUgtelqs	0	10
1200	1200.mp4	i4bYH3rTggk	330	340
1201	1201.mp4	i7YPBrOCSzU	50	60
1202	1202.mp4	i7gsZHbY2YI	10	20
1203	1203.mp4	iAJxQgCYkZQ	70	80
1204	1204.mp4	iB0odyAHO1U	30	40
1205	1205.mp4	iBQkJ1FUmyE	70	80
1206	1206.mp4	iMXzZuH40Yo	30	40
1207	1207.mp4	iRC22m-EPyo	30	40
1208	1208.mp4	iU-4_lL4wCw	10	20
1209	1209.mp4	iVu1M8S1UEA	30	40
1210	1210.mp4	iWOlAJb2ogg	30	40
1211	1211.mp4	iZ5sccRT-Hc	70	80
1212	1212.mp4	ib9YhxsqMTc	370	380
1213	1213.mp4	ibR-UX91f5Y	400	410
1214	1214.mp4	idXt9taSA5Q	10	20
1215	1215.mp4	iev9cTUfUKo	110	120
1216	1216.mp4	ij8a48kunFY	170	180
1217	1217.mp4	imaWlPW-Oe8	30	40
1218	1218.mp4	ipfu-qxU0G8	60	70
1219	1219.mp4	ir3ipI5k1kI	30	40
1220	1220.mp4	j-Hjaq0yPWo	170	180
1221	1221.mp4	j-g_TlF0dtE	420	430
1222	1222.mp4	j029z0BzFR4	80	90
1223	1223.mp4	j3RbavOl43E	110	120
1224	1224.mp4	j3ghRXNKQXM	24	34
1225	1225.mp4	j4QrlpOCm2k	30	40
1226	1226.mp4	j5G7AVtFYFs	0	10
1227	1227.mp4	j7nuBCwNXws	70	80
1228	1228.mp4	jABrAuCgsiA	20	30
1229	1229.mp4	jC7k-VrRSZw	340	350
1230	1230.mp4	jCbthYgJzW4	30	40
1231	1231.mp4	jEHpshgvNO0	30	40
1232	1232.mp4	jGtwfpMDR0E	40	50
1233	1233.mp4	jHwhsVUY6kA	70	80
1234	1234.mp4	jJT-eIq5dhA	220	230
1235	1235.mp4	jMLgouo44nM	340	350
1236	1236.mp4	jNoXVTje_Hw	150	160
1237	1237.mp4	jPZMmbeOo-E	30	40
1238	1238.mp4	jSCzPxHOfRI	30	40
1239	1239.mp4	jVI-zlAx1b8	550	560
1240	1240.mp4	jar-31Z2hs0	80	90
1241	1241.mp4	jh-Df2jUiSk	0	10
1242	1242.mp4	jjRv-GJP4WQ	0	10
1243	1243.mp4	jl-PjqsPV4U	20	30
1244	1244.mp4	jmzrJNdebWQ	20	30
1245	1245.mp4	jt9LSO_nBFg	400	410
1246	1246.mp4	jtSmmaCj3r0	10	20
1247	1247.mp4	k0eMAMGOo0g	450	460
1248	1248.mp4	k5cqd6j1v3Q	40	50
1249	1249.mp4	kBIe4oUOOBs	560	570
1250	1250.mp4	kBtuzKaXEgY	120	130
1251	1251.mp4	kCYMnkqTkQ8	30	40
1252	1252.mp4	kCyfWvuj4Qo	30	40
1253	1253.mp4	kDrgmSAGf1U	30	40
1254	1254.mp4	kGfvNPk_h6M	50	60
1255	1255.mp4	kGoRBTcJm0Q	10	20
1256	1256.mp4	kRA2px3WWDQ	60	70
1257	1257.mp4	kVU_fBXLZj4	30	40
1258	1258.mp4	kWe_OfaelxU	30	40
1259	1259.mp4	ka8qu8RUveE	10	20
1260	1260.mp4	kc69Wb23in4	100	110
1261	1261.mp4	kcjaDJDeCag	80	90
1262	1262.mp4	kdoXnu41xo0	10	20
1263	1263.mp4	kfEnkZoEOtE	210	220
1264	1264.mp4	khs59nqwqM8	30	40
1265	1265.mp4	kkvSTvjpgxc	460	470
1266	1266.mp4	koP0d6u5eUI	30	40
1267	1267.mp4	kowGMH1zVKQ	190	200
1268	1268.mp4	kr0eVQTbUfk	40	50
1269	1269.mp4	krDkb0CibSY	220	230
1270	1270.mp4	kvp2CAwJme8	30	40
1271	1271.mp4	kwX2iVscUmI	480	490
1272	1272.mp4	kxN7FlhhkEU	210	220
1273	1273.mp4	kxP-x1bcpc4	0	10
1274	1274.mp4	kySRKeg7J8c	30	40
1275	1275.mp4	l1UTl1jD-mk	100	110
1276	1276.mp4	l4LcpKQFtGA	10	20
1277	1277.mp4	l6L1uGnanow	320	330
1278	1278.mp4	l9lkcKMwNUE	0	10
1279	1279.mp4	lAUFIDB9OVI	20	30
1280	1280.mp4	lCLxSs3X3dY	130	140
1281	1281.mp4	lEhW4SSK980	20	30
1282	1282.mp4	lGS-wJI23o8	30	40
1283	1283.mp4	lMpjNhi9khA	30	40
1284	1284.mp4	lOdrlus0GNI	30	40
1285	1285.mp4	lPSYKjQuaxQ	420	430
1286	1286.mp4	lPbwsW5pvQQ	30	40
1287	1287.mp4	lRCal6f_fWY	30	40
1288	1288.mp4	lTADop9kGdg	30	40
1289	1289.mp4	lXR3OY7IR7s	40	50
1290	1290.mp4	lZEigCNUq-g	50	60
1291	1291.mp4	lieV4tZybdI	10	20
1292	1292.mp4	lkUHvt0tpnE	40	50
1293	1293.mp4	lmx216WRxpM	140	150
1294	1294.mp4	lvK_aNAtFPQ	40	50
1295	1295.mp4	lvXZIJHy8UY	220	230
1296	1296.mp4	ly0Eglb4PzI	30	40
1297	1297.mp4	lzGk9jzg8G8	30	40
1298	1298.mp4	m2V2f4EbW1g	60	70
1299	1299.mp4	m2n1fNT5BwY	160	170
1300	1300.mp4	m2yVQF71WXk	40	50
1301	1301.mp4	m3FPQl_UUuE	90	100
1302	1302.mp4	m7F5SsuqzAk	40	50
1303	1303.mp4	m9caDFvU-9Q	190	200
1304	1304.mp4	mDYEkvh0iNM	120	130
1305	1305.mp4	mMM8go9n2Cs	140	150
1306	1306.mp4	mOKmK7naCoo	310	320
1307	1307.mp4	mPbiIW9sepY	370	380
1308	1308.mp4	mSudMBS3uBI	580	590
1309	1309.mp4	mVEyOgp6Erw	410	420
1310	1310.mp4	mYslG224SQM	30	40
1311	1311.mp4	mb07HgQsheo	30	40
1312	1312.mp4	meNpef3uSvE	220	230
1313	1313.mp4	mfoCapSN-AE	220	230
1314	1314.mp4	mjiYMRx34io	0	10
1315	1315.mp4	mk67RcMHbCU	100	110
1316	1316.mp4	mnfToxaQAgc	270	280
1317	1317.mp4	mpprLhl7YO8	60	70
1318	1318.mp4	mqJeLALpWYk	41	51
1319	1319.mp4	mtVTaOfH2TI	190	200
1320	1320.mp4	mwT9wetOYVY	100	110
1321	1321.mp4	n4ntzPRhSLk	30	40
1322	1322.mp4	n5VcSvjqXro	50	60
1323	1323.mp4	n6qOFBy8zow	40	50
1324	1324.mp4	n728Z-oMHck	30	40
1325	1325.mp4	n7zIXeub7V4	10	20
1326	1326.mp4	nAvkm46koE4	30	40
1327	1327.mp4	nBMARz4UPNU	70	80
1328	1328.mp4	nCKcRPU0DS0	12	22
1329	1329.mp4	nGK0B3Ztpo0	280	290
1330	1330.mp4	nI1USLL8NoI	0	10
1331	1331.mp4	nKBKSOhpRBw	80	90
1332	1332.mp4	nLOdT7QWqyE	170	180
1333	1333.mp4	nQnBDsgpzpo	110	120
1334	1334.mp4	nRHNKbNRLKQ	40	50
1335	1335.mp4	nRnUuLxcNxc	20	30
1336	1336.mp4	nT7G-vyhOf0	0	10
1337	1337.mp4	nWbsJOxO-34	80	90
1338	1338.mp4	nXXqpJIlV3U	50	60
1339	1339.mp4	nYv-5386TOI	22	32
1340	1340.mp4	nZOVXWELh-A	200	210
1341	1341.mp4	n_y0-AaL450	160	170
1342	1342.mp4	nbs4TQ0ipLw	0	9
1343	1343.mp4	ncJfv9RIIYE	30	40
1344	1344.mp4	nhtNK6LhBkg	9	19
1345	1345.mp4	nkOXb95N0LU	20	30
1346	1346.mp4	nl6pPIBMm0Q	9	19
1347	1347.mp4	nmEOKw-lZ9g	120	130
1348	1348.mp4	nqIxpNijwoQ	450	460
1349	1349.mp4	nzqvRkHv9t0	20	30
1350	1350.mp4	o2z2ugX9VcA	10	20
1351	1351.mp4	o4_pmLyZUlQ	30	40
1352	1352.mp4	o5ZdLHiRRdc	30	40
1353	1353.mp4	o9b3Q7m_LCw	30	40
1354	1354.mp4	oB9Ni8g62tI	0	10
1355	1355.mp4	oEDXQ_hRqZQ	400	410
1356	1356.mp4	oFpD7Ik6Qe0	0	10
1357	1357.mp4	oJqhZzBOFIY	0	10
1358	1358.mp4	oMQ9TWj59Qs	30	40
1359	1359.mp4	oQA78VCxa2U	60	70
1360	1360.mp4	oTd22kNn8O8	90	100
1361	1361.mp4	oVxKyGnz-IA	230	240
1362	1362.mp4	oZatfol10oo	30	40
1363	1363.mp4	oaVxtGFxpa4	110	120
1364	1364.mp4	oeJG2N5LnXo	100	110
1365	1365.mp4	ogHHPdtP4Ak	60	70
1366	1366.mp4	okCgcamRpcM	6	16
1367	1367.mp4	okeFT65Xm4s	310	320
1368	1368.mp4	oku0-HByjpo	60	70
1369	1369.mp4	ouCAO6pu_Ik	30	40
1370	1370.mp4	ouIc3cjm3_o	10	20
1371	1371.mp4	ouTcmePQiEs	50	60
1372	1372.mp4	owaA-LqHbuM	160	170
1373	1373.mp4	oy36R89qo3A	30	40
1374	1374.mp4	p6C0ZGTj1Qw	20	30
1375	1375.mp4	p9IGQ-m88JQ	20	30
1376	1376.mp4	pBV0l2hACQI	30	40
1377	1377.mp4	pF9FEdYAHUk	19	29
1378	1378.mp4	pFo39HyyuYQ	0	10
1379	1379.mp4	pG6dUtBD_rU	30	40
1380	1380.mp4	pGHx9QrmvyQ	30	40
1381	1381.mp4	pIIiOJhTChs	10	20
1382	1382.mp4	pIyy6hbwIpU	50	60
1383	1383.mp4	pK4Ytvkij9o	30	40
1384	1384.mp4	pLrjkMpkmu8	30	40
1385	1385.mp4	pPbaKEYpP-4	80	90
1386	1386.mp4	pQlD03cMPzQ	10	20
1387	1387.mp4	pV2koo8mZbA	10	20
1388	1388.mp4	pWRMgo0BGhU	210	220
1389	1389.mp4	pZL4gyfS8vM	180	190
1390	1390.mp4	p_E3feHZtZM	10	20
1391	1391.mp4	pb1Ma_Obxhw	60	70
1392	1392.mp4	pc7m_xx0B2U	20	30
1393	1393.mp4	pdO1XddTn4o	30	40
1394	1394.mp4	pg31m8cTJYw	30	40
1395	1395.mp4	phzqBd-jikY	330	340
1396	1396.mp4	pmkMenGFcMA	30	40
1397	1397.mp4	pq4utUoVBww	30	40
1398	1398.mp4	pryo_yCN85A	260	270
1399	1399.mp4	puT550aEFEw	110	120
1400	1400.mp4	pw2teB-sPL8	460	470
1401	1401.mp4	pxnedGbDsOw	10	20
1402	1402.mp4	pzSfdXmAU0w	60	70
1403	1403.mp4	q3N3D6IcK1g	580	590
1404	1404.mp4	q4o6eUwfijc	30	40
1405	1405.mp4	qCXIwrA2qfQ	160	170
1406	1406.mp4	qFAgd9iaN7w	30	40
1407	1407.mp4	qG2f5krIFX8	40	50
1408	1408.mp4	qMU1l6N94qI	100	110
1409	1409.mp4	qQ_yc3qWeGs	200	210
1410	1410.mp4	qQuqw2eH-w4	260	270
1411	1411.mp4	qRU7kcB_3nU	70	80
1412	1412.mp4	qSJR9TUpg5g	11	21
1413	1413.mp4	qYUm5xHK6TA	10	20
1414	1414.mp4	qYheL8MEBVE	40	50
1415	1415.mp4	qZBlB0piIh4	80	90
1416	1416.mp4	qa3EhfIFr5A	160	170
1417	1417.mp4	qalOwDhkH8s	20	30
1418	1418.mp4	qfrycRUIf4k	0	10
1419	1419.mp4	qjGXb6b-jnE	390	400
1420	1420.mp4	qsnoZIEyq-U	30	40
1421	1421.mp4	qtRSll0iLIE	40	50
1422	1422.mp4	qtecrZQOK7k	30	40
1423	1423.mp4	qy6GRPZsSTI	490	500
1424	1424.mp4	r3gV606C_Gs	170	180
1425	1425.mp4	r5MtOWXrJBM	20	30
1426	1426.mp4	r6apJJotECU	0	10
1427	1427.mp4	rFzpQOvmGSQ	350	360
1428	1428.mp4	rHPu_nYdm8E	10	20
1429	1429.mp4	rKMhdUOhwgE	50	60
1430	1430.mp4	rLYt21cFZxY	10	20
1431	1431.mp4	rPVeVZm6y1s	80	90
1432	1432.mp4	rQZX6vJbliU	240	250
1433	1433.mp4	rTKuABX5LJ4	260	270
1434	1434.mp4	rUFHz9TKTpQ	430	440
1435	1435.mp4	rVy0jvU9M38	20	30
1436	1436.mp4	rb4UrhNo8dY	40	50
1437	1437.mp4	redSkbpiRMk	30	40
1438	1438.mp4	rhGSqHtz_C4	30	40
1439	1439.mp4	riokFEd3nZY	10	20
1440	1440.mp4	rl9YHu9ta20	180	190
1441	1441.mp4	rpC_G4T0bqk	30	40
1442	1442.mp4	rtSavMYID74	70	80
1443	1443.mp4	ryMxRp69Fk4	40	50
1444	1444.mp4	s1ExpMdWgqY	26	36
1445	1445.mp4	s1k2JjiOIo0	30	40
1446	1446.mp4	sBUgK_OlseQ	30	40
1447	1447.mp4	sCzno8FeYWA	40	50
1448	1448.mp4	sHvHGOfdJLQ	180	190
1449	1449.mp4	sJaCusfm3F0	30	40
1450	1450.mp4	sMyKvyECN0U	60	70
1451	1451.mp4	sPkHFXlUZRc	50	60
1452	1452.mp4	sTqq7RLfLfE	0	10
1453	1453.mp4	sd2c2oOQvpQ	0	10
1454	1454.mp4	sjw9-Ktitdg	170	180
1455	1455.mp4	snlHJ9SOY0I	100	110
1456	1456.mp4	sopItEUX7XM	100	110
1457	1457.mp4	su_h_f3Ec48	170	180
1458	1458.mp4	suhTyB2fozQ	90	100
1459	1459.mp4	sw0DghKGosc	70	80
1460	1460.mp4	t0yNBh2BSSw	20	30
1461	1461.mp4	t2pD_W3k-Ak	40	50
1462	1462.mp4	t7KqxsduyhU	0	10
1463	1463.mp4	t9sT0dEnCL0	60	70
1464	1464.mp4	tAS2kYle19I	10	20
1465	1465.mp4	tBSEdX6EVbg	10	20
1466	1466.mp4	tK0ptat0Cgg	130	140
1467	1467.mp4	tNplLyCIzG0	80	90
1468	1468.mp4	tSiYUIxgYzg	30	40
1469	1469.mp4	tVvyRwf8Huk	70	80
1470	1470.mp4	tWUnbRo__ZY	110	120
1471	1471.mp4	tXI0CaJQf1Y	180	190
1472	1472.mp4	tXTu21rxuvk	80	90
1473	1473.mp4	tZUBvalpY_k	0	10
1474	1474.mp4	t_R09kzuKSc	10	20
1475	1475.mp4	t_kcskigE-w	30	40
1476	1476.mp4	tbMOQfDIDYs	10	20
1477	1477.mp4	tcRPK1MgUIA	140	150
1478	1478.mp4	tdwNeB2kH24	20	30
1479	1479.mp4	tgxXbesmx9k	30	40
1480	1480.mp4	tptRRiuT6B8	80	90
1481	1481.mp4	tseZMEy80LA	40	50
1482	1482.mp4	ttsVYFpBAPA	50	60
1483	1483.mp4	tvOh3krEQ6w	30	40
1484	1484.mp4	tz022wPsFTw	155	165
1485	1485.mp4	u0PawSuuRa8	30	40
1486	1486.mp4	u39TpHXQ5DA	30	40
1487	1487.mp4	uAkFnHNa1ZY	300	310
1488	1488.mp4	uEqfQKJe_tw	110	120
1489	1489.mp4	uFlqr0wsWDc	30	40
1490	1490.mp4	uGS7_i6IdUQ	30	40
1491	1491.mp4	uGfJYGv-zuo	30	40
1492	1492.mp4	uLHemetsEJw	10	20
1493	1493.mp4	uMm0x2pJ5Pk	60	70
1494	1494.mp4	uPw0ZsC8siE	20	30
1495	1495.mp4	uSvrecEs-J4	30	40
1496	1496.mp4	uUlzcQs5j_A	30	40
1497	1497.mp4	u_4yX6bZ5I4	50	60
1498	1498.mp4	ucNVID3YAZA	210	220
1499	1499.mp4	ui7FHZc_qV8	80	90
1500	1500.mp4	uz4CxHQDPQs	50	60
1501	1501.mp4	vBqPbz5Pg-M	30	40
1502	1502.mp4	vIC0zIJv3Nc	0	10
1503	1503.mp4	vINbWMS_1Cg	30	40
1504	1504.mp4	vJy55Ih_dc8	160	170
1505	1505.mp4	vRa8ncJ-Zrw	230	240
1506	1506.mp4	vT8IZouxits	30	40
1507	1507.mp4	vTeaBQiv_S8	50	60
1508	1508.mp4	vVlXh5kb8Sc	140	150
1509	1509.mp4	vXOh_yKTW88	60	70
1510	1510.mp4	vZBYwYgZcU8	30	40
1511	1511.mp4	vaDIZBzuMgM	200	210
1512	1512.mp4	vecNn7iyUnw	0	10
1513	1513.mp4	vhjL5xgvwBE	10	20
1514	1514.mp4	vku_ludZYHc	27	37
1515	1515.mp4	vpZd0jLw1l0	160	170
1516	1516.mp4	vqYSCdBE0wA	210	220
1517	1517.mp4	vqdiwr-haOY	40	50
1518	1518.mp4	vu_BDb65JNQ	30	40
1519	1519.mp4	w0EsAgUUku0	50	60
1520	1520.mp4	w0i-Pu9Oyco	160	170
1521	1521.mp4	w2-p4RMM1vk	110	120
1522	1522.mp4	w2tSQfPV4b0	10	20
1523	1523.mp4	w5QXZirgaME	120	130
1524	1524.mp4	w6pUOBS00oo	30	40
1525	1525.mp4	wAk_zgAcw60	110	120
1526	1526.mp4	wE1Y12sIk20	40	50
1527	1527.mp4	wEssv0oo3sc	260	270
1528	1528.mp4	wI5H4VaayFs	10	20
1529	1529.mp4	wI8Qs7C-JvA	30	40
1530	1530.mp4	wKN5sTG49lw	50	60
1531	1531.mp4	wNcse5LxzU4	60	70
1532	1532.mp4	wOvrzOsr-Mo	90	100
1533	1533.mp4	wP_sXTeyD8o	200	210
1534	1534.mp4	wRobtQQimf8	30	40
1535	1535.mp4	wSlNtD8Z6c8	30	40
1536	1536.mp4	wVrHCPvgWj0	130	140
1537	1537.mp4	wZMb8oNIF2U	420	430
1538	1538.mp4	wZr_M1dUsFw	30	40
1539	1539.mp4	wg3JTsRHbGI	0	10
1540	1540.mp4	wmkeiI33Ab4	280	290
1541	1541.mp4	wntvAwlrtWA	30	40
1542	1542.mp4	wpe_k9HCajc	10	20
1543	1543.mp4	x3pgFamwQtA	50	60
1544	1544.mp4	x7c83xt_c9Y	90	100
1545	1545.mp4	xAzzCxBF28s	30	40
1546	1546.mp4	xCmjCQu3gdc	20	30
1547	1547.mp4	xFT-BrlbctQ	30	40
1548	1548.mp4	xMELs0HDBXg	30	40
1549	1549.mp4	xPduXJZKgp8	40	50
1550	1550.mp4	xQMFWFac8K8	30	40
1551	1551.mp4	xQh4jY4n5_g	30	40
1552	1552.mp4	xRq1KKCKUhA	70	80
1553	1553.mp4	x_ceuafYrg8	30	40
1554	1554.mp4	xae9shRMsDw	30	40
1555	1555.mp4	xdw9X7RO6gs	390	400
1556	1556.mp4	xft5b5v6J1E	70	80
1557	1557.mp4	xfthfH6KGpA	70	80
1558	1558.mp4	xg0CeRLc7iU	10	20
1559	1559.mp4	xmwLqK7WeHM	30	40
1560	1560.mp4	xqlVSFOPejY	70	80
1561	1561.mp4	xtRMQixEFz0	100	110
1562	1562.mp4	xvFW4DlcY-Y	0	10
1563	1563.mp4	xwy8YKDAffw	250	260
1564	1564.mp4	y-acpMsbJ3I	30	40
1565	1565.mp4	y8wRtpSV1oA	40	50
1566	1566.mp4	y95ml0IYGr4	440	450
1567	1567.mp4	yAEx0SYslEI	30	40
1568	1568.mp4	yDZ0a5y1JiE	30	40
1569	1569.mp4	yM-hJwMOGMI	30	40
1570	1570.mp4	yP23ZZFGm8g	100	110
1571	1571.mp4	y_vMcXBq8FA	500	510
1572	1572.mp4	ydLCp4s0LJc	60	70
1573	1573.mp4	ydcs74vNl2A	0	10
1574	1574.mp4	yehsz3ZfUso	30	40
1575	1575.mp4	yiWRCYJk9Dg	90	100
1576	1576.mp4	ynsg4_0oPyQ	150	160
1577	1577.mp4	yqvk-EWBZA0	20	30
1578	1578.mp4	yrce_CQjsdA	20	30
1579	1579.mp4	yuGbc_kVWBo	520	530
1580	1580.mp4	yzFCtCsdLuU	30	40
1581	1581.mp4	z13omhGxAeQ	80	90
1582	1582.mp4	z2GUVsm20dw	110	120
1583	1583.mp4	z5Qy79xwqnA	200	210
1584	1584.mp4	z5SZfIAUIIg	30	40
1585	1585.mp4	z9829H_PJQU	180	190
1586	1586.mp4	z9lGBK-rC64	30	40
1587	1587.mp4	zDUCFIJuHAA	240	250
1588	1588.mp4	zDqI6A-hpYc	160	170
1589	1589.mp4	zEBrnIZa6-s	130	140
1590	1590.mp4	zFE6eZ6GI8o	30	40
1591	1591.mp4	zGaM03vcHyk	70	80
1592	1592.mp4	zI3pIyR3wis	120	130
1593	1593.mp4	zICNzWYJQ2o	170	180
1594	1594.mp4	zJ2UiVrEsb0	50	60
1595	1595.mp4	zVE0eyqA438	430	440
1596	1596.mp4	zW55yM6n_kc	40	50
1597	1597.mp4	zYl5TX8ONW4	30	40
1598	1598.mp4	zdNqRksoHyU	18	28
1599	1599.mp4	zhFcXNK076k	0	10
1600	1600.mp4	zkH4h1WjD6Q	130	140
1601	1601.mp4	zwIArHIZbxU	30	40
1602	1602.mp4	zzApe4GLGfY	10	20
